RSI (Momentum),MACD (Trend),Volume Change,Gunning Fog (Readability),Flesch Reading Ease,VADER Sentiment,Difficult Word Ratio,Word Count,FinBERT Voting Confidence
0.42149964,-0.1413861,0.24045211,-0.0019308552,-0.2883428,-0.7256542,0.49598348,-0.21277799,0.0
0.53463537,-0.28990814,-0.0096263625,0.046757396,0.11783277,-0.67616737,0.43099707,-0.08913695,0.0
-0.56227493,-0.22377105,-0.5380232,-0.050176304,0.39925888,-0.62784755,0.5651974,-0.31283155,0.0
-0.20848185,0.38739803,0.55271786,0.08239533,0.31040296,-0.65923774,0.09380018,0.4008504,0.0
-0.46500653,0.3788487,-0.07529102,0.026296731,0.064001694,0.16716525,0.25749624,-0.1790869,0.0
0.24774252,-0.41762543,0.35207868,0.28323737,-0.28695956,-0.6058307,0.34758443,0.100373164,0.0
-0.36114672,0.300185,0.10441324,-0.009676097,0.12723945,-0.04400606,0.3223383,-0.13992535,0.0
-0.239955,-0.46560717,0.5089343,-0.041293047,0.14946209,-0.48869422,0.17801942,0.18999085,0.0
-0.36928853,0.3705261,-0.7270083,0.09402534,0.2593543,-0.42779806,0.21519725,-0.16454673,0.0
-0.6072294,-0.34477025,0.33710623,0.15392728,-0.09923569,-0.5279977,0.32141867,-0.2279699,0.0
0.43202156,0.6763416,0.13210224,0.2392536,0.08150793,0.42116252,0.09132179,0.047542058,0.0
-0.00932598,0.49047488,0.30037168,-0.25556424,0.2643021,0.051439438,0.11907589,-0.19808638,0.0
0.43807524,-0.24151307,0.28734457,-0.118651226,0.31700006,0.077717796,0.36329225,-0.29854316,0.0
0.73375815,0.70450896,0.15087157,-0.10297653,0.32764933,0.10341393,0.17548358,-0.115094215,0.0
-0.35954636,0.26820284,0.469371,0.029097572,0.04870075,-0.00012574147,0.1854237,0.18651511,0.0
0.3655343,-0.16125529,-0.28119302,-0.058418605,-0.1407116,0.07738336,0.04455625,0.15461865,0.0
0.13651018,0.8522904,-0.017578807,-0.11467507,0.042480946,0.19453833,0.15444504,-0.33546406,0.0
-0.11501142,0.48488984,-0.0044203815,-0.024957579,0.28862146,0.013106216,0.22227684,-0.35301802,0.0
0.7267405,0.18007979,0.34418926,-0.26052305,-0.43557993,0.10180267,-0.16595946,-0.2719839,0.0
-0.84444284,0.01131813,0.15741041,-0.18283898,0.036918856,0.061079193,0.62992233,-0.19400859,0.0
0.3196371,0.7817166,-0.26810214,-0.16883896,0.1007636,0.19434133,0.34353107,-0.39219067,0.0
-0.026494434,1.2471676,-0.29482782,0.068960935,0.038379293,-0.33467087,-0.2976437,0.05371635,0.0
-0.27656138,0.5900332,0.4609126,0.26212227,0.34349048,0.15967928,0.039716527,0.17823912,0.0
-0.24807367,-0.090832844,0.30732077,0.0055886786,-0.23402588,-0.022499615,0.07907009,0.17490084,0.0
0.5368489,0.6613789,-0.22788431,0.24762976,-0.07619726,0.3036708,-0.067356326,-0.14728008,0.0
-0.7962229,0.74510175,-0.044165004,0.12927985,-0.69812214,0.38610166,-0.063215934,-0.1257566,0.0
-0.08603545,0.43362588,0.16826592,0.016648818,-0.38706368,0.11959994,-0.41384825,-0.07883656,0.0
-0.79279006,0.7235268,-0.18180287,0.029263997,-0.29169622,0.053616792,0.074638635,0.034387104,0.0
-0.46298707,0.70117366,0.29190215,0.084950745,-0.3483744,-0.076156996,-0.2430425,0.10152558,0.0
-0.52062273,1.1112581,0.1765763,0.084360346,-0.42441937,-0.0047969413,0.0348496,0.017607883,0.0
-0.5477015,0.6549297,0.01526237,0.1661911,-0.68881524,0.07541418,-0.14844538,-0.22414039,0.0
-0.6993373,0.6353159,0.29026094,0.013262209,-0.57293254,0.07651625,0.032495737,-0.04213348,0.0
-0.24382472,-0.44844186,0.25673515,-0.1675047,0.36661083,-0.14190339,0.12065205,-0.14839046,0.0
-0.9291132,0.22238496,-0.2666348,0.1512984,0.27200222,-0.06365031,0.016887322,-0.16646855,0.0
-0.3456751,0.3566504,-0.77138764,-0.07752715,0.33318198,0.25751334,0.24148843,0.207006,0.0
0.57755464,0.25028813,0.14307082,-0.09754306,0.261827,-0.2945525,0.06352282,0.4182589,0.0
0.3320773,0.8439632,0.31277862,0.31381255,0.4045307,0.10547163,0.023590973,0.5429183,0.0
-0.73235905,1.1557451,-0.30567354,0.2617354,0.21645537,0.19890095,-0.1247774,-0.12150254,0.0
-0.39293933,0.51213247,0.3440362,0.042113684,0.31043753,0.12980466,0.29013106,0.37299067,0.0
-0.4346293,0.4161978,-0.3646872,0.24392177,0.057466716,0.16563608,-0.011608949,-0.13507093,0.0
-0.28248826,-0.4324717,-0.21683714,-0.10156948,0.114905044,-0.090662986,0.07966341,0.04911893,0.0
0.43314424,0.75363296,-0.119672894,-0.1459543,0.29139686,0.23017876,0.17499101,0.096242726,0.0
0.4246116,-0.3185008,-0.057325426,0.1256818,-0.29372633,0.17323026,-0.23116612,-0.10308045,0.0
-0.18614875,-0.5053948,0.10675719,0.08304652,-0.5067117,0.2206231,0.22309521,0.22390069,0.0
-0.25529355,0.027188824,0.16030863,-0.312616,-0.74057984,0.06643143,-0.43614864,-0.16870409,0.0
0.6878553,-0.122848056,-0.2829954,0.08106667,-0.5087252,0.024884988,-0.08534004,-0.034949668,0.0
-0.95219994,0.73481166,-0.35591274,-0.54412687,-0.84589064,0.035982918,-0.20583506,-0.053083465,0.0
0.35499787,-0.5235355,0.10147981,-0.3094584,0.15843466,0.18681344,-0.27421594,0.055319197,0.0
-0.3977262,-0.041304268,0.02233848,0.08776738,-0.4632319,0.11885272,-0.07947008,-0.12253039,0.0
0.06811503,0.14687741,0.23995376,-0.3413618,0.102130994,0.06544398,-0.34169677,0.22853193,0.0
-0.4857624,-0.10114922,-0.13653547,-0.5563664,-0.61640376,0.086331576,0.080445245,0.17177582,0.0
0.74132556,-0.196218,0.008808162,-0.4430343,-0.43816328,0.098308206,0.19634809,-0.057555605,0.0
0.6401159,0.9585068,0.12737253,0.41340992,0.23840693,0.15985806,0.25402036,0.37559697,0.0
-0.36785236,-0.47277525,0.43678048,0.25024816,0.014627583,0.07530252,0.3337812,0.11179467,0.0
-0.12666914,-0.03449894,0.33131188,0.2737665,0.18519242,0.2513027,-0.016605092,0.39294204,0.0
-0.14292961,0.13834898,0.4377329,0.41354522,-0.05330402,0.6390628,-0.07642439,0.013005969,0.0
0.4310306,0.6918558,0.42366585,0.41924772,0.12606843,0.64036775,0.1300234,0.035976022,0.0
-0.48013607,0.7838712,-0.4248012,0.25578415,-0.24217848,0.09513673,0.06340464,0.13010673,0.0
0.5626699,0.6650625,0.20163478,0.28068498,-0.109745026,-0.07890884,2.7287751e-05,0.21796975,0.0
-0.39127302,0.1574497,0.5761103,0.3237643,0.18904741,-0.107537314,-0.005904776,-0.18855345,0.0
-0.40174168,0.09879545,-0.8114906,0.19705153,0.31795,0.020450272,-0.4309662,0.041965287,0.0
0.11441211,-0.45791933,-0.27373978,0.20291632,0.19330749,-0.11609431,-0.53290874,-0.08616972,0.0
-0.37395957,0.50497967,0.3527002,0.29420942,0.2632965,-0.022325397,-0.135075,-0.0016035829,0.0
0.21188013,0.124646455,0.24377473,0.35075495,0.12070747,-0.13494344,0.054745384,0.028532939,0.0
-0.38151065,-0.31738085,0.6856422,0.22376657,0.49097025,-0.052478433,-0.19767003,-0.011816799,0.0
-0.4386056,-0.24894856,0.27587754,0.35793194,0.18928361,-0.079717115,-0.09081251,-0.03528544,0.0
0.24310496,-0.6416324,-0.1460351,0.16769014,0.016405107,0.06614624,-0.36138582,-0.05850851,0.0
-0.9705422,0.5192723,0.4386021,0.30701017,-0.03341325,-0.08418617,-0.06979794,0.12298135,0.0
-0.1261489,0.3864012,0.53459996,0.33678406,0.2551405,-0.06710596,-0.12866953,0.012365221,0.0
-0.34497973,-0.44649342,0.4929115,0.17475823,0.4661634,-0.057743978,-0.11955894,-0.036183663,0.0
-0.22785002,0.027551005,-1.0450593,0.18562809,0.38491392,0.094144315,0.34476724,0.037354838,0.0
-0.30688098,0.0088922605,0.49237975,-0.052067377,-0.17823711,0.06937749,0.17846495,-0.31472036,0.0
-0.3605436,0.38243374,-0.41100752,-0.0009858329,0.037965592,0.16540378,-0.25147262,-0.27887946,0.0
-0.39858904,0.4274977,0.227288,0.1847041,0.4285292,-0.119834,-0.03260851,0.16462317,0.0
-0.89962685,0.18602192,0.31652197,0.1007141,0.004176993,0.13496779,-0.1959114,-0.25719696,0.0
0.5785694,-0.4381689,-0.32206872,-0.18278791,0.03658487,0.04654651,0.09066093,-0.11993762,0.0
-0.4089715,0.2433301,0.40130305,0.46842712,0.26732114,-0.02616445,0.08939586,0.21696554,0.0
-0.8704777,0.20756541,0.17828894,0.06358274,0.12745923,-0.098928586,0.2466646,-0.20582432,0.0
0.5421707,0.22495727,0.679059,-0.21220958,-0.0753855,-0.03217601,0.060684778,-0.1807642,0.0
0.36122394,-0.4615818,-0.01473505,-0.14757466,-0.3251634,-0.2847484,-0.27344176,0.064574644,0.0
0.13219507,0.55753285,-0.5654046,-0.5481273,-0.016826328,-0.3421352,0.010945873,-0.109861314,0.0
0.63142586,0.5223196,-0.9075251,-0.34472555,0.026052741,0.13265587,0.0026946971,-0.010659237,0.0
-0.30386764,0.31893104,0.46401152,-0.26724455,-0.010010572,-0.33084455,-0.03420104,-0.008316011,0.0
-0.55444527,-0.25668648,-0.69141895,-0.4335922,0.17544422,-0.215557,0.122921705,0.056218583,0.0
-0.47826827,0.2988879,-0.54778814,-0.538055,0.1603879,-0.38346243,0.32666275,-0.002616337,0.0
0.17869098,0.52630955,-0.3367696,-0.2870862,0.011307549,0.089017026,-0.22425786,0.21539314,0.0
-0.0022713256,-0.2775933,0.31621754,-0.28769472,0.106046565,0.39214465,-0.0279389,0.0737213,0.0
-0.1790473,1.0476544,-0.28553826,-0.47775006,0.1675264,0.08575406,0.28730732,0.037708104,0.0
-0.5001581,1.0427955,-0.15053555,-0.30962923,-0.048180293,0.39797753,0.13025564,0.037737396,0.0
0.3724569,-0.41624206,0.34788653,0.14269248,0.18634883,0.46380985,-0.052324183,0.098842025,0.0
0.96388006,-0.09318655,0.047656745,0.49326795,0.104266025,0.0736509,0.031038662,0.18431006,0.0
0.38951522,-0.5341753,-0.38907894,0.24070267,0.31687203,0.017754868,0.26570857,0.13083282,0.0
-0.35717186,0.30631837,-0.15103883,0.028704887,0.24605684,0.06268758,0.459612,-0.3095632,0.0
0.39396834,-0.66425735,0.086440764,0.3340417,0.2577115,0.08498698,-0.1483594,-0.029703574,0.0
-0.39887196,-0.28290215,0.19438824,-0.14030741,0.40304643,0.103201546,0.026283486,-0.15524676,0.0
0.54594326,-0.48321095,0.42654902,0.23839071,0.31462455,0.03149106,0.1295892,-0.09661571,0.0
-1.1132957,0.3346764,-1.1935476,0.33627784,0.11363267,-0.0965111,0.014098628,-0.04713653,0.0
-0.64961684,0.41395932,-0.103064895,0.43058243,0.35307226,-0.008964311,-0.039509594,0.037360776,0.0
-0.37291512,0.34859416,0.025813468,0.20362574,0.3398404,-0.09577163,0.5578552,-0.24009421,0.0
0.35401556,-0.062962085,-0.15004571,0.015592209,-0.04519895,0.13901024,-0.16230316,-0.19320135,0.0
0.46037385,0.061500773,0.44186372,-0.20524783,-0.25866643,0.0627038,-0.08195211,-0.24789138,0.0
0.30164075,0.15327089,-0.1614321,-0.13164416,-0.38358328,0.08386098,-0.16508569,-0.2199703,0.0
-0.15647046,0.2927322,0.35137376,-0.15731795,-0.016033433,-0.124842905,-0.28338864,-0.30014595,0.0
0.023509156,1.2038594,-0.08083623,0.04927322,0.14164472,-0.059245665,0.31972167,-0.17783433,0.0
-0.2813083,0.2903112,0.023791578,0.032416776,-0.3681259,0.17492037,0.007411722,-0.26141572,0.0
-0.48810235,0.8729944,0.22707957,-0.14856379,0.23006816,-0.15845223,-0.029482013,0.021859225,0.0
0.7830235,0.88126284,0.1581484,-0.35737616,0.2213742,0.1546306,-0.008656006,-0.23745492,0.0
0.6012438,0.30372468,-0.5672679,0.50000787,-0.012586238,-0.21264476,-0.17757598,-0.26566336,0.0
0.8719384,0.36359036,-0.48301342,0.22588322,-0.17610265,-0.18380345,0.00038213542,-0.4319328,0.0
0.37888747,0.5552811,-0.17075752,-0.37376556,0.16048415,0.13516602,-0.19654088,-0.11946611,0.0
-0.6301664,0.8350006,0.28403345,-0.35810506,-0.1605215,0.12813656,-0.26569277,-0.14238493,0.0
-0.1427248,-0.47152984,-0.009541461,0.44381052,0.1667469,0.08552781,-0.123010404,-0.412585,0.0
0.3119078,0.5881093,-0.52951884,-0.108524114,-0.08793867,0.13963418,-0.008904489,-0.2232048,0.0
-1.0575336,0.9181487,-0.6187398,-0.54754454,-0.77446866,0.19916077,-0.14415064,-0.079148225,0.0
-0.677516,0.012563918,-0.13225049,-0.43822056,-0.8059435,0.28098485,0.2010503,-0.049120344,0.0
-0.23471446,0.26844123,0.35617298,0.3657337,0.18130364,0.23338778,0.44967723,0.052581377,0.0
0.43356535,-0.5693258,0.18916449,0.3586124,0.08275301,-0.4218832,0.3525619,0.045548588,0.0
-1.0860224,0.17802353,0.27161697,0.13770603,-0.20687503,0.6179953,-0.093479484,0.101217955,0.0
-0.86901134,0.50899374,0.2423371,0.14593008,-0.29499978,0.7075785,0.029239329,0.018118165,0.0
-0.2229852,-0.7828727,0.4497624,0.3545886,0.14411323,-0.37252808,0.2729863,0.2010743,0.0
-0.26384792,-0.3646604,0.0005853963,-0.027618403,-0.15085253,0.061907392,0.18215118,0.39243576,0.0
0.2600045,-0.5259039,-0.037965115,0.037839815,-0.16774273,0.52382183,0.22258884,-0.0014390561,0.0
0.5633809,0.11092678,-0.044349674,0.2730788,-0.13573954,0.64821,0.28009495,-0.095680706,0.0
-0.934936,0.21013138,0.2778959,-0.48225644,-0.12738487,-0.7715454,-0.73650014,-0.22427937,0.0
-0.10128898,-0.3800401,-0.001167231,-0.04366159,-0.11714039,-0.59498805,0.24707825,-0.45857662,0.0
-0.18242691,0.21594638,0.477437,0.08722511,-0.09238317,0.12767588,-0.09593051,-0.26160347,0.0
0.39999568,0.189002,0.027001355,-0.24029426,0.24008293,0.36625683,-0.15537085,-0.26406077,0.0
-0.3286049,1.0471481,0.5388706,-0.0047353157,-0.024303054,0.026677117,0.27563518,-0.25112554,0.0
-1.0403905,0.62958366,0.147465,0.011866321,-0.8057974,-0.09006702,-0.06559593,-0.2785752,0.0
-1.1032983,0.35907596,-0.016821487,-0.2859672,0.29187647,-0.12675443,-0.36292425,0.1265207,0.0
-0.12611474,1.058277,-0.054264154,0.44851357,0.35877508,0.05730929,0.19667107,0.15187502,0.0
0.69325536,0.5441218,0.31386164,0.22636126,-0.110226,0.17097521,0.33493778,-0.21507633,0.0
0.54366153,0.28181255,-0.38674873,0.4895541,0.18313731,0.09417685,0.054802623,0.043539323,0.0
-0.5446478,0.39301765,-0.61069787,0.4686357,0.3785599,-0.51852673,-0.07933217,0.13332735,0.0
-0.35524788,0.3846367,0.18572485,0.32968846,0.34191975,-0.13919875,0.024827603,-0.04662648,0.0
0.8270255,0.67652947,0.63823724,0.24630868,-0.12146139,-0.14305636,0.14687648,0.4902841,0.0
-0.19875187,-0.41285887,0.7165301,-0.09909925,-0.4569397,0.01538216,0.160105,-0.03208363,0.0
-0.32985747,0.4034564,-0.55470586,-0.040552385,-0.41430134,0.20025994,0.07238351,-0.087024175,0.0
0.6524102,0.3945464,-0.6496032,0.029146159,-0.21638745,-0.1494704,-0.34528175,-0.100705996,0.0
0.8514961,-0.22171694,0.2462024,0.13864961,-0.3621564,0.0689654,0.0040285964,0.6193767,0.0
-1.6092833,-0.24497168,0.23815776,-0.0011829487,-0.66426975,-0.08192327,-0.32193556,0.3791957,0.0
1.4747591,-0.44508737,0.2214162,0.06539772,-0.085540324,0.2720572,-0.33014265,0.08790059,0.0
-0.39506745,-0.47483072,0.2688089,0.05520159,-0.39144424,-0.06893493,-0.030896854,-0.01555962,0.0
1.0286578,-0.031493407,0.6806497,-0.37396854,-0.36552155,-0.10978043,0.08291589,-0.0626844,0.0
-0.95154965,0.38144946,-0.41432342,0.03537107,-0.2807872,-0.039773367,0.12424278,-0.057675786,0.0
-0.5658161,0.5074043,0.10601176,0.04122977,-0.36924222,0.3410201,-0.04918996,0.040413734,0.0
0.39665154,0.027055304,-0.03309442,-0.084595636,0.3855425,0.054784473,0.4123577,0.5349987,0.0
-0.3072494,-0.5058249,0.58907247,0.25556654,0.09539873,-0.13771942,0.24643613,-0.0015297132,0.0
-0.66850376,-0.09390007,-0.63053066,-0.17671242,0.021550607,-0.32123345,0.14373077,-0.54031634,0.0
-0.347422,-0.17011122,-0.56244874,0.40140146,0.25957483,0.07347094,0.11498283,0.080463246,0.0
-0.6317484,0.11916903,0.1811287,-0.018603364,-0.3906351,-0.28509286,0.16597143,-0.44473544,0.0
0.3991975,0.016626094,0.15280844,0.1591705,-0.16866466,-0.02233009,0.3021727,0.00090129394,0.0
-0.24362075,-0.32924968,-0.2660214,0.40890923,0.23613006,0.065546975,-0.00022185745,0.20464434,0.0
0.016295308,0.49688795,0.28629136,-0.13371152,-0.23085523,-0.5080301,0.14508146,-0.5726876,0.0
0.2933344,0.5117687,0.3086587,-0.22272137,-0.23548886,-0.48900086,0.09200509,-0.5844996,0.0
-0.7413585,0.7867083,0.113522165,0.25869003,-0.307708,-0.0056277886,-0.1692447,0.091575064,0.0
-0.09815716,-0.062482644,-0.2640357,0.001596048,-0.45101482,-0.055728946,0.23254587,-0.3751394,0.0
-0.31023696,-0.046580277,-0.111229464,0.18804654,-0.08585203,-0.060287658,-0.07598929,-0.08375808,0.0
0.28175634,-0.36211267,-0.2202005,0.19152582,-0.24339536,-0.011760724,-0.0504011,-0.09092956,0.0
0.38064012,0.8290632,0.11598687,0.21999797,-0.14767618,0.07984478,0.008012299,-0.110072054,0.0
-0.5123308,0.3618966,0.36727053,-0.4004136,-0.1519023,0.07686666,0.19274305,0.23196356,0.0
0.25188628,-0.09989765,0.2148285,0.25364354,-0.10417864,0.053604163,0.4142541,-0.2734159,0.0
-0.12772281,-0.083186,0.18549795,0.09804564,-0.11667748,0.058235146,0.041594446,-0.1177571,0.0
-0.2768311,0.051017877,0.32510164,0.13468638,-0.35843304,-0.04097441,-0.35228375,-0.03748507,0.0
0.43491817,-0.25255093,0.2734118,0.07688348,-0.0811688,0.16238563,0.08943713,-0.24358608,0.0
-0.63241583,-0.44127354,-0.25472957,0.031000415,0.14629437,0.16507068,0.5489112,-0.020864295,0.0
-0.4283919,0.49748313,0.2644506,-0.046861492,0.13603885,-0.011735394,0.4720223,0.030949635,0.0
-0.1170666,-0.36872312,-0.049302492,-0.1610098,-0.18368855,0.06120005,0.020209135,-0.17476772,0.0
-0.6961719,1.0747635,-0.1561029,0.023707384,-0.37445253,0.1378741,-0.15849712,-0.030064538,0.0
0.60498476,0.30656153,-0.17639974,-0.18306024,0.31017023,0.20434795,0.18309894,-0.26452866,0.0
-0.41385946,0.025753532,0.67665005,0.04025054,0.10201865,0.12806483,0.19792356,-0.18305027,0.0
0.3400425,0.37417853,-0.18150763,-0.18579471,-0.028260099,0.012115899,0.1463161,-0.3759624,0.0
-0.1003097,-0.42619172,0.8103646,0.11596245,-0.33697623,0.17559624,0.27197108,-0.167698,0.0
-0.212332,0.4819545,0.04907759,-0.075315714,-0.25477496,0.3625442,-0.03478322,0.5347653,0.0
0.863834,-0.3340628,-0.29868332,-0.1278468,-0.11502838,0.08472549,-0.12852368,0.0705598,0.0
-0.20658995,0.48434815,-0.17924026,-0.12915061,-0.16073139,0.14984407,-0.059115764,0.20506756,0.0
-0.19555575,0.45867527,-0.41857356,0.2102853,-0.18255302,-0.07774232,-0.31362182,0.40020648,0.0
-0.38331032,0.47439635,0.21887073,0.34008205,-0.21027753,0.6037336,-0.13783409,0.2655213,0.0
-0.3023872,0.101960674,0.41798103,0.3271059,0.4332823,0.39459383,-0.118495636,-0.35488138,0.0
0.004116975,0.93251824,0.17829205,0.06403259,-0.008366742,0.034812428,-0.0006024793,0.255602,0.0
0.2860652,-0.27686545,-0.18055087,-0.08317882,-0.13524672,0.06375752,-0.21793821,0.046098772,0.0
-0.11520743,0.33086732,0.068188325,-0.29531515,0.21704908,-1.0541862,-0.15671787,-0.2304126,0.0
0.4152415,0.010445522,-0.12050681,-0.41701546,-0.2606764,-0.42156184,-0.120522976,-0.11354553,0.0
-0.5227846,0.31786948,0.6503776,-0.4840313,-0.33326936,-0.18854566,0.13833599,0.033530258,0.0
0.5849462,-0.2730471,-0.2903111,-0.031685986,0.00065004313,-0.9478325,-0.2340255,-0.13605969,0.0
-0.032230083,-0.42113414,0.2045004,0.29431883,0.196552,-0.1178816,0.076770194,0.045426358,0.0
-0.5668076,0.17038438,-0.055377107,-0.49496692,-0.49389654,-0.2579536,0.09763974,-0.052869093,0.0
0.3784496,-0.3818775,0.4252852,-0.3752699,-0.38616997,-0.34524083,0.12688628,-0.06381075,0.0
0.42638662,0.93029386,0.14918715,0.09522941,0.10723835,-0.8266888,0.19623098,-0.05528215,0.0
0.49995247,-0.3265411,-0.6069659,0.23240837,-0.03906345,-0.48937353,0.0831115,-0.10691105,0.0
-0.19892982,-0.40188622,0.47973505,-0.35331455,-0.4566806,-0.31875885,-0.29039294,0.00818311,0.0
-0.24296036,-0.64442086,0.024129942,-0.37587172,-0.38470727,-0.21753679,-0.5598087,-0.06270619,0.0
-0.09282754,0.5204963,0.37957034,0.3624154,0.20684412,-0.15290073,0.49633947,-0.052231833,0.0
0.07122722,-0.43824238,0.4640231,-0.042232282,-0.0697848,0.064568296,0.14360312,-0.44262838,0.0
0.42659488,-0.46456033,-0.57589453,-0.12320836,-0.33457175,-0.4230083,-0.34452245,-0.029207867,0.0
-0.055748165,0.50287426,0.29260254,-0.22299294,0.0117037315,-0.18885954,0.030003436,0.031864658,0.0
0.6336902,0.24702054,0.06560113,0.31264806,0.023143627,-0.044685837,0.1099808,-0.30690154,0.0
0.37990373,-0.6122479,-1.8731153,-0.07577205,-0.12204133,0.26810184,-0.17632064,-0.1539041,0.0
0.0024980195,-0.3704368,-0.22572698,-0.18816447,-0.1757198,-0.24893366,-0.26348555,-0.009391652,0.0
-0.71453476,0.18558264,-0.904328,-0.15223858,-0.069056004,-0.2516848,0.22282523,0.05727754,0.0
-0.40103498,0.07857501,-1.7988759,-0.09880811,-0.096050955,-0.45885038,-0.172065,-0.048267808,0.0
0.038867902,0.3601327,-0.1600724,-0.079654485,-0.3596558,-0.4598956,-0.08085888,-0.5873758,0.0
0.36673382,0.4615953,0.3406209,-0.11658034,-0.008792285,0.047979143,0.008909198,0.058935862,0.0
-0.27117297,0.58310956,-0.44475403,0.08277325,0.42400447,-0.010357823,-0.07362238,-0.04649087,0.0
0.3441486,0.58512485,-0.292581,-0.10185686,0.07931567,0.10533337,0.045802645,0.15264998,0.0
-0.16625984,0.9258163,0.37003314,0.07844042,0.2224704,0.13146372,0.09853684,-0.124851964,0.0
0.13260588,-0.5713504,0.3399935,-0.052793913,0.02552592,0.36837244,-0.071807034,-0.048455093,0.0
-0.61151,0.33398396,-0.3959075,0.096805796,-0.19790974,-0.23364726,0.11208464,0.15316667,0.0
-0.3033648,0.5442972,0.48867482,-0.07287597,0.10689171,0.098231725,-0.47838798,0.043079566,0.0
-0.39918208,0.52773905,0.62818295,-0.10780031,0.07937385,0.53894687,-0.1193687,-0.34278798,0.0
-0.02316053,1.018616,0.7174073,-0.02588902,-0.096202806,0.43232977,-0.031713057,0.18020004,0.0
0.35123718,0.3206676,-0.14944823,-0.16025461,-0.3236701,0.14885768,0.16045311,-0.26245743,0.0
0.67052025,0.3602552,0.35866475,-0.10735355,-0.18398884,0.040146664,-0.3178088,0.011473632,0.0
1.0745747,0.97641885,-0.028579054,0.056820802,0.01027381,0.23696649,0.26169407,0.23027915,0.0
0.26537737,0.6699315,0.5522827,-0.17241342,-0.0007890463,0.0694066,-0.018225672,-0.33645537,0.0
0.5874877,1.0238189,-0.051162317,0.15288678,-0.0041154916,0.16636217,0.17944407,0.1331082,0.0
-0.039929662,0.62449205,0.7211237,-0.11384359,-0.09206657,0.14425538,-0.031528894,-0.2605439,0.0
-0.41723585,1.2776278,0.2053228,0.05550203,0.22243907,0.16513424,-0.29144353,-0.17809732,0.0
0.4228369,0.6733455,-0.12306657,-0.13855934,-0.25086325,0.18291524,0.07176016,-0.28277406,0.0
-0.1684836,-0.12884505,0.23576461,-0.15771592,0.41372633,0.045569614,0.5392516,0.08469657,0.0
0.30966562,-0.40332907,0.043888774,-0.10492762,-0.06348566,-0.4586669,0.045488536,0.07749523,0.0
-0.12293863,0.36930662,-0.03224629,-0.09227479,-0.025204731,-0.32378617,0.050310146,0.008608901,0.0
0.158924,0.98977834,-0.20128939,0.1684411,0.25872543,-0.26670158,0.059777398,0.08766456,0.0
0.1549341,0.49230248,-0.22516105,-0.15536448,0.43260527,0.23248011,0.27071357,-0.14051464,0.0
0.33680722,0.0254929,-0.5243114,0.008092539,-0.1281131,-0.23791234,-0.06840787,0.020647474,0.0
-0.24786232,0.58605826,-0.2543668,0.04644674,0.13841963,-0.46261957,0.05148812,0.05250342,0.0
0.31440797,0.6049321,-0.15206605,-0.13725787,0.43576282,0.18839268,0.4638526,-0.0022840768,0.0
0.43208212,0.020558119,-0.35865855,-0.04410202,-0.09054071,-0.464213,-0.29893127,0.11770635,0.0
-0.28626317,-0.5427676,0.118554786,-0.06998343,0.10969874,-0.31564286,-0.02420746,0.06941621,0.0
0.7546597,0.8782756,0.16180101,-0.12186385,0.32738635,0.015711728,0.28409868,0.26967356,0.0
-0.6231997,-0.13433209,0.36682206,-0.10010026,0.21394318,-0.054067634,-0.1994427,0.29375967,0.0
0.5031249,0.42967632,0.21616264,-0.16022082,0.043153517,-0.01606343,-0.19830641,0.2154816,0.0
-0.13512407,0.124898344,-0.19373153,0.3102222,0.20125058,-0.20099282,0.10919126,-0.2706863,0.0
-0.39041463,0.084533006,0.49927709,0.27188012,-0.22553442,-0.07657757,-0.022552216,0.02461022,0.0
0.41409817,-0.41778976,0.026585964,0.392637,0.22176775,0.18334179,0.2209258,0.15485738,0.0
-0.33943743,0.1828713,-0.576604,0.3237738,-0.15759583,0.11817843,0.0086640725,-0.07519011,0.0
-0.34180787,0.23219058,-0.4745556,0.107814685,-0.45599613,0.09681031,0.07815748,-0.025658505,0.0
0.4925245,0.22470796,-0.2594373,0.36751366,0.0053128917,0.0901613,0.04686211,0.0054888856,0.0
-0.07677534,0.4283064,-0.4219772,0.43966258,0.22441818,0.0289783,0.05315585,-0.09569637,0.0
0.36249515,0.53295004,0.09750157,-0.3333586,0.18400683,0.26789358,0.23329172,-0.15967537,0.0
0.63286614,0.41304764,-0.120999105,-0.46390402,-0.4730929,0.2303426,0.36811844,-0.23458107,0.0
-1.0432377,0.41695258,-0.31235263,-0.4779615,-0.7098228,0.048918117,0.16547537,-0.11976751,0.0
1.2865264,0.41782403,0.58598155,-0.53413874,-0.4718527,0.25039518,0.10268457,-0.41535205,0.0
-0.9944219,0.99728817,-0.3109878,-0.62535834,-0.8228944,0.07996865,-0.15052618,0.007694588,0.0
-0.18737628,0.75668526,0.2695126,-0.31928268,0.36347795,0.098317884,0.12786846,-0.32042345,0.0
0.53217036,0.40532476,-0.15720914,-0.54007035,-0.4692695,0.18258658,-0.07995247,-0.31686872,0.0
-0.11482321,0.637304,0.19624397,-0.34431618,0.2418891,0.14508529,-0.048113514,-0.30246824,0.0
0.3761936,0.5221537,-0.4248439,-0.29083577,0.13179855,-0.075715005,0.07044815,-0.54419667,0.0
-1.1285974,0.97879124,0.16468258,-0.629944,-0.81864524,0.18296485,-0.024224987,-0.15647855,0.0
-0.3076196,-0.30051425,0.18578856,0.06036672,-0.34395933,-0.069337785,0.10100592,0.024034834,0.0
0.33136535,-0.29957014,0.35323447,-0.15462795,0.0020013843,0.18206958,0.05990443,0.2633128,0.0
-0.30679986,0.04879721,0.16527233,-0.16048181,0.31525382,0.08404717,0.08708061,0.053199112,0.0
-0.2322666,0.30361035,0.054046717,-0.14255883,0.2987945,0.0027064728,0.0045113955,-0.00661664,0.0
-0.010324577,-0.05146286,0.3014942,-0.024112804,0.41495857,0.037573587,0.35815495,0.15254416,0.0
-0.5593845,0.058375765,0.023860961,-0.12284531,0.2573958,0.0011211191,0.23987696,-0.044157602,0.0
-0.25934938,0.13422383,-0.030417457,-0.12910846,0.14743337,0.21469647,0.19088309,-0.18885459,0.0
0.20732248,0.5874236,-0.11227913,-0.18224372,0.3544852,0.17784879,0.25940496,-0.042012073,0.0
-0.64513254,0.7501931,0.70226085,-0.09151098,0.26780123,0.3118027,0.07939435,0.053548135,0.0
-0.774166,0.8583487,-0.13474937,0.14355029,0.27189824,0.14046502,0.067514755,0.2046152,0.0
0.30034557,-0.16541003,0.09296996,0.3116922,0.08226853,0.32552743,0.21548142,0.06944268,0.0
-0.18899468,0.05708026,0.2409079,-0.13380016,0.3461721,-0.07898336,0.26648334,0.05696907,0.0
0.09776085,0.18791422,-0.045750264,-0.12879394,0.11121518,-0.21957463,0.26263186,0.20068167,0.0
0.34146336,0.7442934,-0.056391414,-0.17297055,0.141986,0.07490434,0.29786658,-0.048658825,0.0
0.11936542,0.88270575,-0.146409,-0.20688438,0.13145277,0.039016914,0.22230141,-0.16829026,0.0
-0.85071355,-0.30002287,0.0030747834,-0.32283393,-0.6295405,-0.1697086,-0.060140684,-0.22441643,0.0
0.02016182,0.31575224,-0.054925893,0.8776611,0.4458994,-0.17829904,-0.19700275,0.050925314,0.0
-0.13541177,0.18779418,0.5740558,0.7910888,0.32710862,0.0015869315,0.0015831313,0.12136778,0.0
-0.49667498,0.46447295,0.5324509,-0.6301307,-0.8691472,0.18156365,0.0057793893,0.10061383,0.0
0.66474986,-0.5314989,0.36473626,-0.23857987,-0.29359955,-0.29985225,-0.038304493,-0.23104535,0.0
0.63519335,0.554782,0.50256556,0.73244655,0.35084036,-0.2741199,0.22435768,0.12038002,0.0
0.38926652,-0.4578884,0.41409352,0.69515145,0.21018225,-0.20486169,0.3130007,0.07643294,0.0
-0.5963274,0.33761206,0.2641942,-0.50916696,0.13277979,0.018285386,-0.05209069,0.11636859,0.0
-0.45537266,0.52341664,0.28454438,-0.47635037,-0.8229302,0.5325964,0.08488085,0.18585715,0.0
0.44362873,-0.30103627,-0.2709339,0.577574,0.14103363,-0.29093155,-0.19573909,-0.011963184,0.0
0.39871812,-0.12367801,0.16942179,0.35843363,0.15720926,-0.00073951855,0.3642466,0.0543005,0.0
-0.42564636,-0.25308073,-1.3617542,-0.02596046,-0.34118694,0.17679787,-0.15141466,-0.13759305,0.0
-0.29682398,-0.37396973,-0.4692926,0.06726684,-0.2866212,-0.085803725,0.23724411,-0.23338841,0.0
0.5777231,0.42889324,-0.99288774,0.32973766,-0.07518401,0.38867208,0.09615732,-0.10669453,0.0
1.5297912,-0.5682672,0.026918294,0.07987639,-0.42163885,0.06442271,0.30334643,-0.008031762,0.0
-0.68884313,0.28916562,-1.3041685,-0.26758265,-0.20521459,0.3576294,0.14008372,-0.14322911,0.0
-0.51424325,0.27029604,0.3120009,0.22405791,-0.24188368,0.0616141,0.33378416,-0.15105486,0.0
0.19964622,-0.48837867,-0.46040896,-0.18000472,-0.016430063,0.089191645,0.2325419,-0.16318667,0.0
0.4454312,-0.5017958,0.50809085,0.24843925,0.04994023,0.100854695,0.054741323,-0.21092007,0.0
-0.81194764,0.28645217,-0.360428,0.06440263,0.20490198,0.024345484,0.4930821,-0.04054449,0.0
0.33287704,0.3021662,-0.21680906,-0.1838479,0.25020027,0.18215065,-0.06136688,-0.023267,0.0
-0.29911867,0.04294868,0.6489429,-0.183456,0.22145157,0.07208364,0.11603545,0.17608885,0.0
-0.12550253,0.5177087,0.244136,0.39278486,0.27969036,0.11166637,0.3280539,0.21577172,0.0
-0.037194334,0.6938897,0.57876855,-0.046717323,-0.06820072,0.07921668,0.100051075,-0.24106427,0.0
-0.8857748,1.0443938,-0.6898771,0.40569088,0.105629504,0.22235258,0.18773928,-0.103593186,0.0
-0.67128253,-0.58765715,0.35242483,0.08465425,-0.03523878,0.14800067,-0.045335405,-0.23130776,0.0
-0.55560625,0.41293496,0.103218615,-0.038466595,0.013845012,0.7129804,0.49542195,-0.4003555,0.0
-0.05939068,1.0631902,0.25230646,0.13148789,0.19352391,0.6188561,0.40996295,-0.3564214,0.0
0.39072692,-0.3333209,0.33258918,0.31224883,0.20879725,-0.1281328,0.5127057,0.028103035,0.0
-0.21847335,0.508884,-0.1862158,-0.05038747,0.03619396,-0.36399734,0.15787053,-0.16575013,0.0
0.37018558,-0.4594865,-0.6750571,-0.0789721,0.21513028,0.13459505,0.08086098,-0.1941494,0.0
1.2767186,0.29047224,-0.2753489,-0.13453534,0.30593613,0.39629894,0.28660533,0.036762778,0.0
0.6769653,-0.6706262,-0.4167216,0.19523802,0.19137271,0.13552713,0.07944631,0.09785066,0.0
0.60691017,-8.037314e-05,0.074755386,-0.15874836,0.21572763,-0.083335385,0.1584778,-0.1286511,0.0
-0.23993692,0.0866148,0.30136466,0.089414,0.26427707,0.15346263,0.060373258,0.3935303,0.0
0.39795113,0.47003025,0.019823031,-0.051708966,-0.060077623,-0.1782007,0.2343981,0.2733639,0.0
0.03416993,-0.3110724,0.016696665,-0.047477283,0.009707621,0.105783135,-0.2620194,0.27393976,0.0
-0.22755708,0.4079365,-0.1348209,0.44305444,0.2809897,0.0998473,-0.11613196,0.21123776,0.0
0.43877766,0.67315346,-0.14811657,-0.12479718,0.20755681,0.21223834,0.35338527,0.2278282,0.0
0.4748247,-0.44172788,-0.23036352,0.21386103,0.39863244,0.10942808,0.04733136,0.19264404,0.0
-0.4104518,0.44152087,-0.016344676,0.016335793,-0.32887697,-0.14089212,-0.3051526,-0.3392295,0.0
0.34838778,0.52292156,0.28861904,-0.22214843,0.3845924,0.09419492,0.20968062,-0.13649282,0.0
-0.7054199,0.8971075,-0.08001412,-0.31074122,0.036554575,0.09812199,0.5124499,-0.120672666,0.0
-0.38174826,-0.6980336,0.15858428,0.022589318,-0.4475747,-0.044851873,-0.24126518,-0.086940125,0.0
-0.24066262,-0.58369875,0.31499633,0.0644273,-0.38407832,0.061169375,-0.039952055,0.07318139,0.0
-0.71940255,0.30112407,0.22312385,-0.51852524,-0.8275218,-0.10327365,0.4279234,-0.11763739,0.0
-1.2465167,0.28728873,-0.8145737,0.047585495,-0.71970654,-0.12676796,-0.32259747,0.06340918,0.0
-0.90720123,0.48437566,-0.794219,-0.049175695,-0.5307363,-0.019653091,-0.31412432,-0.094732404,0.0
0.4053779,-0.50480425,-0.032288134,0.11077736,0.049710717,0.092068516,-0.12294181,-0.058053542,0.0
-1.4311213,0.14054182,0.30533072,-0.34790248,-0.80465245,-0.06331908,-0.3350467,-0.12117179,0.0
-1.1690881,0.2683603,0.5524121,0.57105523,0.026945364,-0.09368973,-0.18759173,0.1235751,0.0
-0.43674916,0.18152764,-0.47032824,0.05026399,0.33137408,0.040212426,-0.09028105,0.026145136,0.0
-0.7167953,0.24554159,-0.17404574,0.48514915,0.17813268,-0.08559491,0.05856339,0.13084756,0.0
0.4746149,-0.16661377,-0.7951506,0.7191849,0.3002837,0.22229506,0.13295946,-0.09760389,0.0
-0.095631875,-0.455947,0.07850508,0.73729897,0.36894956,0.07367197,-0.08625061,-0.027316265,0.0
-0.94257337,0.40673307,0.16995828,0.74326766,0.31792656,-0.104175165,-0.09663906,0.0366159,0.0
-0.25958815,0.45995918,0.16135652,0.0036217147,-0.17320211,-0.0004168891,0.21233267,-0.033809688,0.0
-0.104150236,0.55226856,-0.68173105,0.70537055,0.36437234,-0.017159041,-0.24017993,0.04908247,0.0
-0.7434355,0.16887634,0.14553484,0.6345691,0.2765739,-0.06921998,-0.10159093,0.08745987,0.0
-0.6294464,0.26920652,0.5351677,0.22933698,0.32926846,0.106699675,0.5382086,-0.037642866,0.0
0.95157236,-0.1487767,0.6211711,0.30964857,0.4290628,-0.3169223,0.2018796,0.24168,0.0
0.4180716,-0.75335133,0.1622746,0.29226232,0.052334957,-0.14636753,0.4083511,-0.1171965,0.0
0.58928734,0.62742025,0.13510063,0.12970433,-0.36595163,0.0031654795,0.12709194,0.10860818,0.0
0.4130032,-0.30592746,0.509321,-0.18725078,-0.05445156,0.06757958,0.028787287,-0.042507213,0.0
-0.2596814,0.4359311,0.013064992,-3.8698665e-05,0.18265735,0.100644134,0.015346427,0.0262228,0.0
-0.15974246,-0.32554471,0.33961546,0.007554218,-0.29306296,0.021404654,0.38489535,-0.22828168,0.0
-0.41891766,0.4154255,-0.2301411,-0.033817004,0.038031016,-0.3083272,0.21196772,0.058266103,0.0
-1.1252497,0.31012356,0.3333,0.2807479,-0.24567732,-0.17477313,0.031904172,0.030765822,0.0
-0.250812,0.5085099,-0.3814158,0.12150516,-0.2627411,-0.27700138,0.04174527,-0.14890431,0.0
-0.262217,-0.26945695,0.0831322,0.038524494,-0.23421118,-0.105786,0.4171585,0.208289,0.0
-0.27721807,-0.52586555,-1.0840331,0.0212509,-0.15041304,0.16494125,0.56588644,0.13019739,0.0
0.49337295,-0.4990474,0.165528,0.08238617,0.102140136,0.15737824,0.29887965,0.10268547,0.0
-0.36180255,0.43645155,0.50887954,-0.15319969,0.20507371,0.017010411,0.0040846653,0.19807929,0.0
-1.1248459,0.28929284,-0.52890295,-0.01975744,0.10329498,-0.19747347,-0.3700377,0.08844901,0.0
0.651107,0.48695153,-0.25942788,0.087954946,-0.11147037,0.15640204,0.4407638,0.24248539,0.0
1.2699982,-0.17820653,0.058976274,0.26682237,0.13038589,0.11200094,-0.004310757,0.34383276,0.0
1.4518924,-0.11157719,-0.20739795,0.099926494,0.0020502233,0.05417777,-0.09457608,0.43402788,0.0
0.29637116,0.06871435,0.038445417,0.07912448,-0.1362998,0.22823933,0.23107474,0.3319184,0.0
-0.5513596,1.0770078,-1.1811588,0.019615386,0.014868694,0.1248476,0.04769752,-0.013145714,0.0
-0.37279305,0.35866073,-0.47850445,-0.0020446004,-0.07010167,-0.027846048,-0.13304126,-0.022899762,0.0
-0.16298947,-0.62828004,0.049223106,-0.24684751,0.04103904,0.08899828,-0.09069408,0.032570057,0.0
0.51293445,-0.8326464,0.45129743,0.44809163,0.15456149,-0.027718728,-0.21300262,-0.19815996,0.0
0.28593257,-0.40785375,-0.11743234,-0.09550549,-0.08130316,0.4824125,0.16576597,-0.3017871,0.0
0.21471284,-0.08167958,0.35423425,0.03136008,0.14074102,0.015299049,0.29429573,0.023366759,0.0
-1.1213881,0.38519034,0.057430025,0.4339024,0.16115043,0.11981296,-0.030163718,0.162705,0.0
0.26755527,-0.4834391,0.059081007,-0.032019526,-0.038253326,-0.23156257,0.10718838,-0.2901742,0.0
-0.5092795,1.0482401,0.12608838,-0.11542434,-0.2643602,-0.06168982,-0.12938659,-0.11748188,0.0
-0.22498024,0.5751886,0.31158695,-0.16617174,-0.16068296,0.13292462,-0.03836455,-0.13811626,0.0
-0.59163076,1.0813224,0.5481304,-0.16519491,0.10436638,0.08934451,0.17851453,-0.09157265,0.0
0.41311333,-0.015067654,-0.54246736,0.3150733,0.14301218,0.004667253,0.003578724,0.02155899,0.0
-0.15562446,0.009510551,0.40505219,0.021321632,-0.012116607,-0.09272536,-0.14549857,-0.10637504,0.0
-0.4741197,1.2218868,0.47913346,-0.16532238,-0.1751443,0.10378414,0.06343943,-0.10360661,0.0
-0.31635165,0.9035954,0.47592556,0.29183507,0.41070428,-0.110423096,0.04139552,-0.13875926,0.0
-0.6448298,1.1113856,0.036182113,-0.19785032,0.021690398,0.022365464,-0.005976393,-0.15006115,0.0
0.4037924,0.6514091,-0.03536651,-0.18684213,-0.22291157,0.20002261,-0.1865868,-0.09300786,0.0
0.7978862,0.541468,0.046625115,-0.26270363,0.032803867,-0.0369438,-0.0886937,-0.15098299,0.0
0.25519484,0.5101404,0.13304374,0.20850986,0.21725605,-0.05420597,0.3805384,-0.46058595,0.0
-0.65812975,1.374514,0.60117537,-0.058742806,-0.00018516468,0.027053356,-0.19843273,-0.20610218,0.0
-0.107605316,0.1844615,0.06494879,-0.13877103,-0.29874572,-0.018579524,-0.28463477,-0.2561283,0.0
0.10210455,1.2493414,0.5778928,-0.054367874,-0.0019681295,0.023184294,0.01721888,-0.108795054,0.0
-0.27685136,1.1688048,0.084908985,0.2438054,0.37572774,-0.029485226,-0.12026955,0.07503121,0.0
-0.39925727,0.82417965,-0.34434026,0.3718521,0.5149524,0.09512994,0.105848804,0.103768855,0.0
0.5268247,0.39737365,0.42883095,0.1419777,-0.20185567,0.0036524064,0.07976795,-0.16429856,0.0
-0.25388017,-0.39100292,-0.40265208,0.3538406,0.08623099,-0.21388584,-0.088271014,0.079024196,0.0
-0.39760634,0.901981,0.3940198,0.28643316,0.42831105,0.08993598,0.18011895,0.1842198,0.0
0.44840515,0.5852307,0.03386146,0.3872961,0.42848966,0.0679452,-0.08401983,0.056922607,0.0
0.49502864,0.06899448,-0.32628548,-0.15155357,-0.15522563,0.01514095,0.3913589,-0.0018285025,0.0
-0.48042858,0.2163201,0.55860925,0.059154205,-0.10238314,0.65276295,0.2409259,0.38767877,0.0
-0.19439515,0.0029192977,-0.6470447,0.21826684,0.036458258,-0.025013227,0.4667119,0.46380174,0.0
0.07451334,0.62871957,-0.015319385,0.10242632,-0.10027209,-0.07327737,0.41084212,0.26441115,0.0
-0.416195,0.26577482,-0.69676447,-0.160914,-0.115385294,0.0035382512,0.28767562,0.15385471,0.0
0.3561927,0.050377373,-0.39351663,-0.047739312,-0.20466536,0.66924864,0.05996042,0.27295372,0.0
-0.32128733,0.56474954,-0.0034768032,0.120836295,-0.232607,-0.122447185,0.21723881,0.37913802,0.0
-0.49898425,0.51902586,0.2582789,0.29488534,0.13123465,-0.17987993,0.07231612,0.08802107,0.0
-0.3001687,0.43703437,-0.8525013,0.11947386,0.28981757,-0.3945019,-0.074180156,0.21745606,0.0
-0.4464022,0.32525566,0.16568314,-0.19579661,-0.750455,-0.054699317,0.2859613,-0.12233651,0.0
0.40571493,0.7793607,0.14048779,0.30792537,0.14253482,0.041611504,0.2692776,0.53369164,0.0
0.37461302,0.7854568,0.22920893,0.32708126,0.3643344,0.0024377229,0.24424905,0.39847457,0.0
0.3987649,1.1812241,-0.29137647,0.14541806,-0.38210055,0.16906016,-0.0061632236,0.43760288,0.0
-0.2074668,0.75084585,0.4239768,0.11344088,0.12784569,-0.016773084,0.26532146,0.38270938,0.0
-0.3352957,0.641642,0.5500605,0.2839686,0.46731395,-0.071489975,0.021188177,0.09053993,0.0
-0.93971086,1.1035051,0.21814923,-0.26420367,-0.7264392,0.071163096,0.20523332,0.05370786,0.0
-0.048138585,0.8005149,0.4886934,0.0129922675,-0.3267436,0.007886061,0.111541584,0.23871674,0.0
-0.5475724,0.7074565,0.52551997,-0.11769476,-0.1320729,-0.0008261756,0.17056835,0.36997527,0.0
0.3528175,0.824687,0.10261418,-0.05912731,0.10651106,0.10878615,0.23518375,0.6194989,0.0
-0.54146117,-0.34499747,-0.122095965,-0.03678722,0.33255485,-0.030353466,0.1466821,0.293197,0.0
-0.69952106,0.3781406,0.57185566,-0.116446905,-0.032145444,-0.066934414,0.108182654,-0.15180176,0.0
-0.1405645,-0.38141817,-0.16929093,0.15891822,0.24645606,0.014570412,0.23473388,-0.13508007,0.0
-0.30410537,1.017283,0.105015285,0.102495946,0.2524979,-0.42087534,0.28901163,-0.22770959,0.0
-0.1557325,0.028482324,0.28302673,-0.24729139,0.13589528,-0.09288662,0.28614354,-0.046202473,0.0
-0.1800103,0.4191667,0.6992417,-0.10464574,0.017710192,-0.19741452,-0.022998074,0.22618434,0.0
-0.17127322,-0.38864738,-0.025683092,0.08298336,0.08375969,0.0035448414,0.2554818,0.15231131,0.0
-0.43415993,0.4840658,0.3494105,-0.21807861,0.30300742,-0.15880527,0.05331071,0.2336196,0.0
-0.6540149,0.57002693,0.6631876,0.100669645,-0.20878924,-0.1448769,-0.018809054,0.11466133,0.0
0.240381,-0.3410558,0.38077703,0.1739669,0.040895205,-0.14584407,-0.002074695,0.3880206,0.0
0.65827346,0.40928864,-0.23552774,-0.05050463,-0.026099535,0.04333188,0.0051929327,-0.19883057,0.0
-0.17181045,-0.30882248,-0.12986417,-0.12792109,-0.015168041,0.13730857,0.06585976,-0.12633353,0.0
-0.24434917,-0.13591996,-0.056471344,-0.12260336,0.08435184,0.03921344,0.10535663,-0.20904884,0.0
0.19725691,-0.25329503,-0.12293143,-0.060533818,0.37791595,0.12631765,-0.20067535,0.34065703,0.0
0.32331347,-0.5505039,0.3631469,-0.15531524,-0.17430791,0.16925095,-0.027402971,-0.3266582,0.0
-0.27435654,0.4655825,0.19360256,-0.0023693487,-0.055643003,0.21646512,0.20331676,-0.04439811,0.0
-0.52299047,0.33844802,-0.1080698,-0.15011889,0.15208033,0.105472334,0.5907995,-0.11943443,0.0
0.54337215,0.76318806,-0.0050731855,0.08892454,0.3778547,0.1771087,0.021772362,0.31343177,0.0
0.4589092,0.26112688,0.23197857,-0.08297247,-0.0673461,0.06988979,-0.1450289,-0.27758056,0.0
0.35911384,-0.3247185,0.40833348,-0.004822858,0.040638626,0.06688044,0.3081339,0.06763985,0.0
-0.4278885,0.27098018,0.16755232,0.24656734,0.17196691,0.13210787,0.06628074,0.18713272,0.0
-0.21056095,0.021872738,0.17691734,0.08343225,0.007926937,0.17684394,-0.058542196,0.043240637,0.0
-0.30721486,0.2581959,0.06070093,0.027148282,0.21731828,0.019098055,0.045303028,0.09443431,0.0
0.3124511,-0.17724727,0.55894077,-0.03249103,0.0246853,0.04328002,-0.30972356,-0.07686551,0.0
-0.20976748,0.32131982,0.08441998,0.504628,0.19358364,-0.13728684,-0.2349653,0.20855431,0.0
-0.61854506,0.4603348,0.25763303,0.36601895,0.14200996,0.5335459,-0.051350273,0.08279523,0.0
0.49814415,0.09038862,0.36696768,-0.27668783,0.19991922,-0.12635309,-0.19186074,0.15226516,0.0
0.38446411,0.34094825,0.013877497,0.568261,0.18864413,-0.19924237,-0.21405159,0.009772421,0.0
-0.24000914,0.5351756,-0.28336897,0.4515485,0.23878689,-0.021032894,-0.028271686,0.18573256,0.0
-0.32242715,0.5091957,0.2104004,0.28437734,-0.27251098,0.045791514,-0.020631762,-0.0738195,0.0
0.67929745,-0.17005286,-1.6275278,-0.36948648,-0.3131351,-0.25444695,-0.19039552,-0.018225824,0.0
0.9183747,0.2377185,0.46186218,0.36428517,0.058030702,0.09766402,0.09287806,0.23018768,0.0
0.5471424,-0.27051833,-0.011590441,-0.52633756,-0.7514221,-0.14971665,-0.03255452,0.043688808,0.0
0.830559,-0.48357192,-0.30258435,-0.38846707,-0.5391448,-0.06221747,-0.03247532,0.0057584196,0.0
1.3192661,-0.39741832,-0.14183366,-0.6987198,-0.75776476,-0.03721993,-0.17784634,-0.060297824,0.0
-0.57131267,1.168172,0.46578687,0.22518227,-0.20863481,0.02771666,-0.1799951,-0.014631168,0.0
-0.19004647,-0.6152097,0.59593433,0.09755676,0.06952811,-0.057052273,-0.18499039,0.12204159,0.0
-0.42262486,0.5461898,0.17297186,0.2965569,0.23733783,0.5684914,-0.095354766,0.18376361,0.0
-0.7558309,-0.35864276,0.18101601,0.14560805,-0.50644016,-0.13305075,-0.22173095,-0.32570413,0.0
0.44450134,-0.5114071,-0.19129905,-0.20185351,0.2767744,-0.022477403,-0.17531689,-0.29153088,0.0
-0.21966119,-0.13677348,-0.87243265,-0.2538332,0.47095528,0.19149521,-0.26499557,-0.06229994,0.0
