ticker,entry_date,exit_date,return,days_held,allocated,strategy
NKE,2023-01-05,2023-02-06,0.027852546342951732,20,2000.0,Strategy A (all UP)
ADBE,2023-01-17,2023-02-15,0.08766408356868043,20,1600.0,Strategy A (all UP)
PG,2023-01-19,2023-02-17,-0.04126134422909036,20,1280.0,Strategy A (all UP)
MSFT,2023-01-24,2023-02-23,0.09163106241987107,20,1024.0,Strategy A (all UP)
NFLX,2023-01-26,2023-02-27,-0.10928740887316236,20,819.2,Strategy A (all UP)
V,2023-01-27,2023-02-28,-0.04343748032042247,20,546.1333333333333,Strategy A (all UP)
TSLA,2023-01-31,2023-03-02,0.07289732675035368,20,390.09523809523813,Strategy A (all UP)
GOOGL,2023-02-03,2023-03-07,-0.07346074626328415,20,292.5714285714286,Strategy A (all UP)
AMZN,2023-02-03,2023-03-07,-0.08717509686469897,20,227.5555555555556,Strategy A (all UP)
CMCSA,2023-02-03,2023-03-07,-0.06370528473500385,20,182.04444444444448,Strategy A (all UP)
PEP,2023-02-09,2023-03-13,0.0036640702047416405,20,369.4105092685903,Strategy A (all UP)
VZ,2023-02-10,2023-03-14,-0.0847291143864355,20,302.2449621288466,Strategy A (all UP)
PM,2023-02-10,2023-03-14,-0.050615590489897284,20,251.87080177403888,Strategy A (all UP)
ABT,2023-02-17,2023-03-21,-0.07355559679813178,20,521.6388029646437,Strategy A (all UP)
UPS,2023-02-21,2023-03-22,0.04457930521740612,20,434.69900247053647,Strategy A (all UP)
UNH,2023-02-24,2023-03-27,-0.004049700389485607,20,491.6266029244874,Strategy A (all UP)
CRM,2023-03-08,2023-04-06,0.05853044556667134,20,1103.964534956153,Strategy A (all UP)
ACN,2023-03-23,2023-04-24,0.022786279753079612,20,1689.5312846199436,Strategy A (all UP)
NKE,2023-04-06,2023-05-08,0.06572233515863408,20,1683.2681744071715,Strategy A (all UP)
NFLX,2023-04-21,2023-05-22,0.10548088405781196,20,1346.6145395257372,Strategy A (all UP)
PG,2023-04-21,2023-05-22,-0.018523677627765144,20,1077.2916316205897,Strategy A (all UP)
TSLA,2023-04-24,2023-05-23,0.16406062079266265,20,1207.4391887210465,Strategy A (all UP)
MSFT,2023-04-25,2023-05-24,0.06208744036655919,20,965.951350976837,Strategy A (all UP)
RTX,2023-04-25,2023-05-24,-0.0618492946929287,20,643.9675673178914,Strategy A (all UP)
DHR,2023-04-25,2023-05-24,-0.016171990060021527,20,459.97683379849383,Strategy A (all UP)
NEE,2023-04-26,2023-05-25,-0.0027493853109307105,20,344.9826253488704,Strategy A (all UP)
TXN,2023-04-26,2023-05-25,0.020756082622393545,20,268.31981971578807,Strategy A (all UP)
GOOGL,2023-04-26,2023-05-25,0.1911493232498537,20,214.65585577263045,Strategy A (all UP)
KO,2023-04-26,2023-05-25,-0.0491662228463661,20,175.62751835942493,Strategy A (all UP)
PM,2023-04-26,2023-05-25,-0.06394075436715069,20,146.35626529952074,Strategy A (all UP)
MA,2023-04-27,2023-05-26,-0.005107200816830722,20,123.83991679190217,Strategy A (all UP)
HON,2023-04-27,2023-05-26,-0.027173582254484407,20,106.14850010734472,Strategy A (all UP)
BMY,2023-04-27,2023-05-26,-0.040171951497401784,20,91.99536675969875,Strategy A (all UP)
LIN,2023-04-27,2023-05-26,-0.024274977226560464,20,80.49594591473641,Strategy A (all UP)
CMCSA,2023-04-27,2023-05-26,-0.020230698267140024,20,71.02583463064977,Strategy A (all UP)
VZ,2023-04-27,2023-05-26,-0.0974730252113904,20,63.13407522724424,Strategy A (all UP)
V,2023-04-27,2023-05-26,-0.020215774584016605,20,56.48838309806064,Strategy A (all UP)
BAC,2023-05-01,2023-05-31,-0.02699668457373305,20,50.83954478825457,Strategy A (all UP)
UPS,2023-05-03,2023-06-02,-0.02488182819736002,20,45.99768337984937,Strategy A (all UP)
MCD,2023-05-04,2023-06-05,-0.0153034738310385,20,41.816075799863064,Strategy A (all UP)
TMO,2023-05-05,2023-06-06,-0.050959172457315335,20,38.179895295527146,Strategy A (all UP)
AAPL,2023-05-05,2023-06-06,0.043868752616192094,20,34.99823735423322,Strategy A (all UP)
BRK-B,2023-05-08,2023-06-07,0.0271343761683516,20,108.28566452811607,Strategy A (all UP)
PFE,2023-05-10,2023-06-09,0.043680800730569236,20,99.62281136586678,Strategy A (all UP)
HD,2023-05-23,2023-06-23,0.01619086935293675,20,275.7596845538343,Strategy A (all UP)
COST,2023-06-01,2023-07-03,0.051770644900057235,20,1243.9514312873068,Strategy A (all UP)
WMT,2023-06-02,2023-07-05,0.057847326200569205,20,1094.0641494919578,Strategy A (all UP)
ACN,2023-06-22,2023-07-24,0.051435511989274665,20,1597.5182761679514,Strategy A (all UP)
ADBE,2023-06-28,2023-07-28,0.06290486795275095,20,1334.0595156502116,Strategy A (all UP)
PEP,2023-07-13,2023-08-11,-0.021547358923230696,20,1560.3884993884428,Strategy A (all UP)
NFLX,2023-07-21,2023-08-21,-0.05457648064108456,20,1248.3107995107541,Strategy A (all UP)
TSLA,2023-07-24,2023-08-22,-0.11896021846991288,20,1334.586128931578,Strategy A (all UP)
NEE,2023-07-26,2023-08-24,-0.0828230319062097,20,1067.6689031452624,Strategy A (all UP)
V,2023-07-26,2023-08-24,0.021262296849884798,20,711.7792687635083,Strategy A (all UP)
TXN,2023-07-26,2023-08-24,-0.03254692068627178,20,508.41376340250594,Strategy A (all UP)
CMCSA,2023-07-27,2023-08-25,-0.012993006160640898,20,381.31032255187944,Strategy A (all UP)
MSFT,2023-07-27,2023-08-25,-0.035523175467125384,20,296.5746953181285,Strategy A (all UP)
LIN,2023-07-27,2023-08-25,-0.019698986709518567,20,237.25975625450278,Strategy A (all UP)
HON,2023-07-27,2023-08-25,-0.05677347932961366,20,194.1216187536841,Strategy A (all UP)
KO,2023-07-27,2023-08-25,-0.03582985846887232,20,161.76801562807006,Strategy A (all UP)
MA,2023-07-27,2023-08-25,0.005759567268795826,20,136.88062860836698,Strategy A (all UP)
PM,2023-07-27,2023-08-25,-0.04453523612934153,20,117.32625309288598,Strategy A (all UP)
BAC,2023-07-31,2023-08-29,-0.09365079211350263,20,210.2299745379155,Strategy A (all UP)
UNH,2023-08-02,2023-08-31,-0.02193910296256386,20,182.19931126619343,Strategy A (all UP)
MCD,2023-08-02,2023-08-31,-0.015083619438653346,20,159.42439735791925,Strategy A (all UP)
CVX,2023-08-03,2023-09-01,0.02105314050113321,20,140.6685859040464,Strategy A (all UP)
JPM,2023-08-03,2023-09-01,-0.06692060268208637,20,125.03874302581903,Strategy A (all UP)
AAPL,2023-08-04,2023-09-05,0.034162950847233885,20,111.87677007573281,Strategy A (all UP)
TMO,2023-08-04,2023-09-05,0.015872849699544254,20,100.68909306815952,Strategy A (all UP)
BRK-B,2023-08-07,2023-09-06,0.0006692881963239149,20,91.09965563309672,Strategy A (all UP)
LLY,2023-08-08,2023-09-07,0.08553327515284828,20,82.81786875736064,Strategy A (all UP)
UPS,2023-08-08,2023-09-07,-0.08843847678380393,20,75.61631495237276,Strategy A (all UP)
PFE,2023-08-09,2023-09-08,-0.045388781929555574,20,69.31495537300837,Strategy A (all UP)
HD,2023-08-22,2023-09-21,-0.041503787947168365,20,248.95527648662693,Strategy A (all UP)
WMT,2023-09-01,2023-10-03,-0.014345766312550974,20,1211.9963252741727,Strategy A (all UP)
AVGO,2023-09-06,2023-10-05,-0.04163204487998366,20,1465.520171843017,Strategy A (all UP)
ADBE,2023-09-27,2023-10-26,0.059,20,1558.244571645709,Strategy A (all UP)
NKE,2023-10-06,2023-11-06,0.1041870503918176,20,1766.4190332158564,Strategy A (all UP)
PEP,2023-10-10,2023-11-08,0.01815034190080481,20,1413.1352265726853,Strategy A (all UP)
PG,2023-10-18,2023-11-16,0.01490787754740067,20,1130.5081812581482,Strategy A (all UP)
NFLX,2023-10-20,2023-11-20,0.15292244546189881,20,904.4065450065184,Strategy A (all UP)
TSLA,2023-10-23,2023-11-21,0.0846350729151631,20,602.9376966710123,Strategy A (all UP)
MSFT,2023-10-24,2023-11-22,0.09681225714292016,20,430.6697833364373,Strategy A (all UP)
KO,2023-10-24,2023-11-22,0.043834910749545083,20,323.002337502328,Strategy A (all UP)
DHR,2023-10-24,2023-11-22,0.1343004384944484,20,251.22404027958842,Strategy A (all UP)
TXN,2023-10-25,2023-11-24,0.09441088450091036,20,200.97923222367075,Strategy A (all UP)
GOOGL,2023-10-25,2023-11-24,0.11873723499474866,20,164.43755363754877,Strategy A (all UP)
PM,2023-10-26,2023-11-27,0.05217955619460668,20,299.5051397952994,Strategy A (all UP)
HON,2023-10-26,2023-11-27,0.10200802882964362,20,249.58761649608286,Strategy A (all UP)
BMY,2023-10-26,2023-11-27,-0.047878200218310844,20,211.18952165053165,Strategy A (all UP)
LIN,2023-10-26,2023-11-27,0.12396618492362532,20,181.01958998616996,Strategy A (all UP)
VZ,2023-10-26,2023-11-27,0.08829612676240492,20,156.88364465468064,Strategy A (all UP)
MA,2023-10-26,2023-11-27,0.12044933038086945,20,137.27318907284555,Strategy A (all UP)
CMCSA,2023-10-26,2023-11-27,0.11399996596948052,20,121.12340212309903,Strategy A (all UP)
AMZN,2023-10-27,2023-11-28,0.13205576892086296,20,107.66524633164357,Strategy A (all UP)
BAC,2023-10-31,2023-11-30,0.15070619935105778,20,96.33206250726005,Strategy A (all UP)
JPM,2023-11-01,2023-12-01,0.11128497622466622,20,86.69885625653403,Strategy A (all UP)
UPS,2023-11-01,2023-12-01,0.0826503721627419,20,78.4418223273403,Strategy A (all UP)
MCD,2023-11-02,2023-12-04,0.07052630706051458,20,71.31074757030937,Strategy A (all UP)
TMO,2023-11-03,2023-12-05,0.07841747062245831,20,65.10981299897813,Strategy A (all UP)
UNH,2023-11-06,2023-12-06,0.02527764940036256,20,147.08143078348266,Strategy A (all UP)
NEE,2023-11-07,2023-12-07,0.045438734373076585,20,134.8246448848591,Strategy A (all UP)
PFE,2023-11-08,2023-12-08,-0.061347722652944824,20,189.15628943495042,Strategy A (all UP)
V,2023-11-15,2023-12-15,0.022814310628475554,20,174.02378628015438,Strategy A (all UP)
DIS,2023-11-21,2023-12-21,-0.029241360784005212,20,305.24393511596134,Strategy A (all UP)
HD,2023-11-21,2023-12-21,0.15138854021168435,20,279.80694052296457,Strategy A (all UP)
CRM,2023-11-30,2024-01-02,0.041160211718474636,20,874.6264719718633,Strategy A (all UP)
ACN,2023-12-19,2024-01-22,0.05620908775399692,20,1944.2777451900029,Strategy A (all UP)
COST,2023-12-20,2024-01-23,0.059924447513826924,20,1555.422196152002,Strategy A (all UP)
ADBE,2024-01-17,2024-02-15,0.031543831643227736,20,1550.1599518425512,Strategy A (all UP)
PG,2024-01-23,2024-02-22,0.03492538353059604,20,1980.5667285729783,Strategy A (all UP)
V,2024-01-26,2024-02-27,0.065411588182148,20,1584.4533828583826,Strategy A (all UP)
NFLX,2024-01-26,2024-02-27,0.04039322215706565,20,1267.562706286706,Strategy A (all UP)
TSLA,2024-01-29,2024-02-28,0.02505844616892533,20,1014.0501650293648,Strategy A (all UP)
MSFT,2024-01-30,2024-02-29,0.004985133379062866,20,676.0334433529099,Strategy A (all UP)
GOOGL,2024-01-31,2024-03-01,-0.026963954744189302,20,482.88103096636416,Strategy A (all UP)
CMCSA,2024-01-31,2024-03-01,-0.08829146408121437,20,362.16077322477315,Strategy A (all UP)
AMZN,2024-02-02,2024-03-05,0.03854169123508065,20,281.6806013970458,Strategy A (all UP)
DIS,2024-02-07,2024-03-08,0.02795025711011725,20,225.34448111763663,Strategy A (all UP)
PM,2024-02-08,2024-03-11,0.042932595423938805,20,184.37275727806633,Strategy A (all UP)
PEP,2024-02-09,2024-03-12,-0.009696383798988878,20,153.64396439838862,Strategy A (all UP)
MA,2024-02-13,2024-03-14,0.040168606813319144,20,130.00643141402114,Strategy A (all UP)
UPS,2024-02-20,2024-03-20,0.023865550683697872,20,243.01039333475384,Strategy A (all UP)
TMO,2024-02-22,2024-03-22,0.04223553219946693,20,381.989500091798,Strategy A (all UP)
MCD,2024-02-22,2024-03-22,-0.03648933961523131,20,327.41957150725545,Strategy A (all UP)
BRK-B,2024-02-26,2024-03-26,0.0009305700286367515,20,283.76362863962134,Strategy A (all UP)
LIN,2024-02-28,2024-03-28,0.026285781849558244,20,616.8469331360404,Strategy A (all UP)
CRM,2024-03-06,2024-04-05,-0.0404658810222412,20,917.4149523056752,Strategy A (all UP)
WMT,2024-03-15,2024-04-16,-0.011874922806109741,20,1281.1498040742367,Strategy A (all UP)
ACN,2024-03-21,2024-04-22,-0.08822231659816017,20,1133.6726849484241,Strategy A (all UP)
ADBE,2024-03-27,2024-04-26,-0.07147547410594403,20,1559.9318155493668,Strategy A (all UP)
PG,2024-04-19,2024-05-20,0.05656482759799149,20,1803.8031392595867,Strategy A (all UP)
NFLX,2024-04-22,2024-05-21,0.1432433948167579,20,1649.7740022913129,Strategy A (all UP)
NEE,2024-04-23,2024-05-22,0.15830821865058675,20,1319.81920183305,Strategy A (all UP)
RTX,2024-04-23,2024-05-22,0.04368607108758764,20,1055.8553614664402,Strategy A (all UP)
DHR,2024-04-23,2024-05-22,0.07272597128509725,20,703.9035743109602,Strategy A (all UP)
PEP,2024-04-23,2024-05-22,0.06991976554103345,20,502.7882673649715,Strategy A (all UP)
V,2024-04-24,2024-05-23,0.00918200479870842,20,377.0912005237286,Strategy A (all UP)
TSLA,2024-04-24,2024-05-23,0.14268391654011003,20,293.2931559629,Strategy A (all UP)
TXN,2024-04-24,2024-05-23,0.1579721424390079,20,234.63452477032,Strategy A (all UP)
BMY,2024-04-25,2024-05-24,-0.07418716921874285,20,191.97370208480731,Strategy A (all UP)
MSFT,2024-04-25,2024-05-24,0.037310679875825495,20,159.97808507067273,Strategy A (all UP)
BAC,2024-04-30,2024-05-30,0.039849127561791015,20,267.3494904364525,Strategy A (all UP)
JPM,2024-05-01,2024-05-31,0.031268104203965676,20,226.21879960007522,Strategy A (all UP)
LIN,2024-05-02,2024-06-03,0.0374137173510998,20,193.90182822863588,Strategy A (all UP)
KO,2024-05-02,2024-06-03,0.010614716068010892,20,168.04825113148442,Strategy A (all UP)
CVX,2024-05-02,2024-06-03,0.014316349064707277,20,147.04221974004886,Strategy A (all UP)
TMO,2024-05-03,2024-06-04,-0.009029086318894337,20,129.743135064749,Strategy A (all UP)
UPS,2024-05-03,2024-06-04,-0.05605745977673828,20,115.32723116866578,Strategy A (all UP)
AAPL,2024-05-03,2024-06-04,0.06784556922983631,20,103.1875226245957,Strategy A (all UP)
BRK-B,2024-05-06,2024-06-05,0.00679007073646696,20,92.86877036213613,Strategy A (all UP)
DIS,2024-05-07,2024-06-06,-0.037701592725540974,20,84.02412556574221,Strategy A (all UP)
MCD,2024-05-08,2024-06-07,-0.025962629648615978,20,76.38556869612928,Strategy A (all UP)
PFE,2024-05-08,2024-06-07,0.03466284080877573,20,69.74334533124848,Strategy A (all UP)
UNH,2024-05-09,2024-06-10,-0.03636352707255395,20,63.93139988697777,Strategy A (all UP)
HD,2024-05-21,2024-06-21,0.06667088159244301,20,228.79784266578088,Strategy A (all UP)
CRM,2024-05-30,2024-07-01,0.17717534232809484,20,754.7433820036194,Strategy A (all UP)
COST,2024-06-06,2024-07-09,0.04290083876009365,20,1847.8449846206977,Strategy A (all UP)
WMT,2024-06-07,2024-07-10,0.042310179447624816,20,1877.1576338753996,Strategy A (all UP)
ACN,2024-06-20,2024-07-22,0.08088255256420704,20,1514.0474328395999,Strategy A (all UP)
PEP,2024-07-11,2024-08-09,0.04222267861139062,20,2214.481324311367,Strategy A (all UP)
NFLX,2024-07-19,2024-08-19,0.05305780885819819,20,1771.585059449094,Strategy A (all UP)
CMCSA,2024-07-23,2024-08-21,0.03799777376351652,20,1744.5695383414652,Strategy A (all UP)
NEE,2024-07-24,2024-08-22,0.058715380304831366,20,1395.6556306731723,Strategy A (all UP)
V,2024-07-24,2024-08-22,0.05416765584934677,20,1116.5245045385377,Strategy A (all UP)
GOOGL,2024-07-24,2024-08-22,-0.031489406823389625,20,744.3496696923585,Strategy A (all UP)
RTX,2024-07-25,2024-08-23,0.04255045158843022,20,531.6783354945418,Strategy A (all UP)
NKE,2024-07-25,2024-08-23,0.1565000286665364,20,398.7587516209063,Strategy A (all UP)
VZ,2024-07-25,2024-08-23,0.026318112071349126,20,310.14569570514936,Strategy A (all UP)
KO,2024-07-29,2024-08-27,0.07180371178146522,20,248.1165565641195,Strategy A (all UP)
MSFT,2024-07-30,2024-08-28,-0.012586752462544336,20,203.00445537064323,Strategy A (all UP)
BAC,2024-07-30,2024-08-28,-0.046840452666684435,20,169.170379475536,Strategy A (all UP)
MA,2024-07-31,2024-08-29,0.018357221309694145,20,143.14416724853047,Strategy A (all UP)
LIN,2024-08-02,2024-09-03,0.042943693370312876,20,122.69500049874041,Strategy A (all UP)
JPM,2024-08-02,2024-09-03,0.14458105008704508,20,106.33566709890835,Strategy A (all UP)
AAPL,2024-08-02,2024-09-03,0.14830206695014037,20,93.04370871154481,Strategy A (all UP)
BRK-B,2024-08-05,2024-09-04,0.14854008901332766,20,82.09739003959837,Strategy A (all UP)
PG,2024-08-05,2024-09-04,0.03312756605565879,20,72.97545781297633,Strategy A (all UP)
PFE,2024-08-05,2024-09-04,-0.04943586037674841,20,65.29383067476829,Strategy A (all UP)
MCD,2024-08-08,2024-09-09,0.07267567250329035,20,58.76444760729146,Strategy A (all UP)
UNH,2024-08-09,2024-09-10,0.05748994506604692,20,171.22535810486153,Strategy A (all UP)
HD,2024-08-20,2024-09-19,0.06332241260414533,20,255.94316424508762,Strategy A (all UP)
CRM,2024-08-29,2024-09-30,0.06480224157508409,20,1215.6469994090144,Strategy A (all UP)
WMT,2024-08-30,2024-10-01,0.04232090945673955,20,994.6202722437391,Strategy A (all UP)
ADBE,2024-09-25,2024-10-24,-0.06609001603651767,20,2210.1448474993763,Strategy A (all UP)
NKE,2024-10-07,2024-11-05,-0.044343628407962875,20,2234.3433093322906,Strategy A (all UP)
NFLX,2024-10-18,2024-11-18,0.06395516724222222,20,1787.4746474658325,Strategy A (all UP)
DHR,2024-10-22,2024-11-20,-0.11297950407102963,20,1429.979717972666,Strategy A (all UP)
RTX,2024-10-22,2024-11-20,-0.059522005553571136,20,1143.983774378133,Strategy A (all UP)
NEE,2024-10-23,2024-11-21,-0.08683326653219971,20,762.655849585422,Strategy A (all UP)
KO,2024-10-24,2024-11-22,-0.0431946123116726,20,979.5592645020375,Strategy A (all UP)
TSLA,2024-10-24,2024-11-22,0.3313307032024085,20,699.6851889300268,Strategy A (all UP)
HON,2024-10-24,2024-11-22,0.09355379986160897,20,524.7638916975201,Strategy A (all UP)
VZ,2024-10-25,2024-11-25,0.04459703537370699,20,408.1496935425156,Strategy A (all UP)
BAC,2024-10-29,2024-11-27,0.1454876153217514,20,326.5197548340125,Strategy A (all UP)
JPM,2024-10-30,2024-11-29,0.1109716234245137,20,267.15252668237383,Strategy A (all UP)
GOOGL,2024-10-30,2024-11-29,-0.027742908109056517,20,222.62710556864488,Strategy A (all UP)
MSFT,2024-10-30,2024-11-29,0.012412037995573978,20,188.3767816350072,Strategy A (all UP)
BMY,2024-10-31,2024-12-02,0.06199224046132715,20,161.46581283000617,Strategy A (all UP)
MA,2024-10-31,2024-12-02,0.06392284176224003,20,139.93703778600536,Strategy A (all UP)
CMCSA,2024-10-31,2024-12-02,-0.031214180911965057,20,122.44490806275468,Strategy A (all UP)
LIN,2024-10-31,2024-12-02,0.008813600155347327,20,108.03962476125413,Strategy A (all UP)
TMO,2024-11-01,2024-12-03,-0.048477741741367375,20,96.03522201000368,Strategy A (all UP)
PFE,2024-11-04,2024-12-04,-0.0693020220422143,20,85.92625127210854,Strategy A (all UP)
UNH,2024-11-04,2024-12-04,0.09346865284268337,20,77.33362614489769,Strategy A (all UP)
BRK-B,2024-11-04,2024-12-04,0.06411561924655966,20,69.96851889300267,Strategy A (all UP)
UPS,2024-11-06,2024-12-06,-0.04149867654523714,20,168.3159427498807,Strategy A (all UP)
MCD,2024-11-07,2024-12-09,0.011754004123767241,20,153.01449340898245,Strategy A (all UP)
V,2024-11-13,2024-12-13,0.020112066403430877,20,139.70888528646222,Strategy A (all UP)
DIS,2024-11-14,2024-12-16,0.028484935490335893,20,128.06647817925705,Strategy A (all UP)
HD,2024-11-19,2024-12-19,-0.02361406010982105,20,201.97174523369392,Strategy A (all UP)
CRM,2024-12-04,2025-01-06,-0.0741163348024003,20,2085.232211513243,Strategy A (all UP)
WMT,2024-12-06,2025-01-08,-0.04645436100105316,20,1764.5820185750852,Strategy A (all UP)
COST,2024-12-19,2025-01-23,-0.009110480612983331,20,1889.8317309570712,Strategy A (all UP)
NKE,2025-01-03,2025-02-05,0.0335762647387358,20,1511.865384765657,Strategy A (all UP)
ADBE,2025-01-13,2025-02-12,0.12361632903621854,20,1932.1506940629672,Strategy A (all UP)
MSFT,2025-01-29,2025-02-28,-0.06146911687648035,20,1920.243446372451,Strategy A (all UP)
TSLA,2025-01-30,2025-03-03,-0.253011064550686,20,1536.1947570979607,Strategy A (all UP)
V,2025-01-31,2025-03-04,0.05992903669790432,20,1228.9558056783685,Strategy A (all UP)
CMCSA,2025-01-31,2025-03-04,0.09262709712662745,20,819.3038704522456,Strategy A (all UP)
PEP,2025-02-04,2025-03-06,0.07417952307578363,20,585.2170503230326,Strategy A (all UP)
DIS,2025-02-05,2025-03-07,-0.062494480173138,20,724.847211301725,Strategy A (all UP)
GOOGL,2025-02-05,2025-03-07,-0.09725336377173387,20,543.6354084762937,Strategy A (all UP)
PM,2025-02-06,2025-03-10,0.03927482235872985,20,422.82753992600624,Strategy A (all UP)
AMZN,2025-02-07,2025-03-11,-0.15996772357467975,20,338.262031940805,Strategy A (all UP)
MA,2025-02-12,2025-03-14,-0.07702555662562002,20,521.5354357475057,Strategy A (all UP)
VZ,2025-02-12,2025-03-14,0.06179237414868484,20,426.7108110661411,Strategy A (all UP)
UPS,2025-02-18,2025-03-19,0.02866254781394341,20,355.59234255511757,Strategy A (all UP)
TMO,2025-02-20,2025-03-21,-0.04123973065271031,20,300.8858283158687,Strategy A (all UP)
ABT,2025-02-21,2025-03-24,-0.05513050718593769,20,257.9021385564589,Strategy A (all UP)
BRK-B,2025-02-24,2025-03-25,0.04675911571260138,20,223.51518674893106,Strategy A (all UP)
UNH,2025-02-27,2025-03-28,0.11051799697534237,20,195.57578840531465,Strategy A (all UP)
PFE,2025-02-27,2025-03-28,-0.04052422573767989,20,172.56687212233646,Strategy A (all UP)
COST,2025-03-13,2025-04-11,0.07990286155548418,20,1159.013809086002,Strategy A (all UP)
ACN,2025-03-20,2025-04-21,-0.04901196494220646,20,1510.3338802042558,Strategy A (all UP)
NKE,2025-04-03,2025-05-05,0.09107060745198653,20,2042.1790494291877,Strategy A (all UP)
NFLX,2025-04-18,2025-05-19,0.19117796422586,20,1884.0677053462093,Strategy A (all UP)
RTX,2025-04-22,2025-05-21,0.17892849521000528,20,1794.516054080299,Strategy A (all UP)
TSLA,2025-04-23,2025-05-22,0.3239500754350674,20,1435.6128432642392,Strategy A (all UP)
NEE,2025-04-23,2025-05-22,0.026744564515143333,20,1148.4902746113914,Strategy A (all UP)
PEP,2025-04-24,2025-05-23,-0.04462591066382194,20,765.660183074261,Strategy A (all UP)
CMCSA,2025-04-24,2025-05-23,0.02047972999741901,20,546.9001307673292,Strategy A (all UP)
TXN,2025-04-24,2025-05-23,0.10206573131066532,20,410.1750980754969,Strategy A (all UP)
PG,2025-04-24,2025-05-23,0.029960719720737997,20,319.0250762809421,Strategy A (all UP)
HON,2025-04-29,2025-05-29,0.07276084260998589,20,255.22006102475365,Strategy A (all UP)
MSFT,2025-04-30,2025-05-30,0.0673212449230458,20,208.81641356570753,Strategy A (all UP)
V,2025-04-30,2025-05-30,0.04636999017388376,20,174.01367797142294,Strategy A (all UP)
BAC,2025-04-30,2025-05-30,0.10874381505161863,20,147.24234289889634,Strategy A (all UP)
JPM,2025-05-01,2025-06-02,0.04580407115432035,20,126.20772248476828,Strategy A (all UP)
MA,2025-05-01,2025-06-02,0.04376001385944044,20,109.38002615346585,Strategy A (all UP)
LIN,2025-05-01,2025-06-02,0.024281064712087564,20,95.70752288428261,Strategy A (all UP)
TMO,2025-05-02,2025-06-03,-0.06570172794621582,20,84.44781430966113,Strategy A (all UP)
BRK-B,2025-05-05,2025-06-04,-0.025785612774058903,20,210.54862146711778,Strategy A (all UP)
UPS,2025-05-07,2025-06-06,0.05023249358609294,20,187.1543301929936,Strategy A (all UP)
UNH,2025-05-07,2025-06-06,-0.23887172634005385,20,167.45387438320478,Strategy A (all UP)
DIS,2025-05-07,2025-06-06,0.08931456878532643,20,150.7084869448843,Strategy A (all UP)
CVX,2025-05-08,2025-06-09,0.023204029083817766,20,136.35529771203815,Strategy A (all UP)
MCD,2025-05-12,2025-06-11,-0.03227676412982236,20,123.95936155639833,Strategy A (all UP)
NVDA,2025-05-28,2025-06-27,0.09601801344897125,20,807.5409420792164,Strategy A (all UP)
CRM,2025-05-29,2025-06-30,0.024422328287229525,20,771.9575517883277,Strategy A (all UP)
COST,2025-06-05,2025-07-08,-0.03150078742802751,20,1500.4777551635468,Strategy A (all UP)
WMT,2025-06-06,2025-07-09,-0.0035667131556396383,20,1831.920445637411,Strategy A (all UP)
AVGO,2025-06-11,2025-07-14,0.09726614532799742,20,1883.815974534939,Strategy A (all UP)
PEP,2025-07-17,2025-08-15,0.020400265314821284,20,2911.359879584965,Strategy A (all UP)
NKE,2025-07-17,2025-08-15,0.04621622899081627,20,2329.0879036679717,Strategy A (all UP)
DHR,2025-07-22,2025-08-20,0.057248465491513814,20,1863.2703229343774,Strategy A (all UP)
RTX,2025-07-22,2025-08-20,0.028648113453163027,20,1490.616258347502,Strategy A (all UP)
KO,2025-07-24,2025-08-22,0.02547184750465297,20,1192.4930066780016,Strategy A (all UP)
GOOGL,2025-07-24,2025-08-22,0.05499538426569442,20,794.9953377853344,Strategy A (all UP)
HON,2025-07-24,2025-08-22,-0.025819000543485602,20,567.8538127038103,Strategy A (all UP)
VZ,2025-07-25,2025-08-25,0.032007787185922384,20,425.89035952785775,Strategy A (all UP)
TXN,2025-07-29,2025-08-27,0.07337658138570392,20,331.248057410556,Strategy A (all UP)
MSFT,2025-07-30,2025-08-28,-0.08620141591524286,20,264.99844592844477,Strategy A (all UP)
BMY,2025-07-31,2025-08-29,0.07650514817985317,20,216.8169103050912,Strategy A (all UP)
MA,2025-07-31,2025-08-29,0.04890599598306453,20,180.68075858757598,Strategy A (all UP)
BAC,2025-07-31,2025-08-29,0.0885168379030928,20,152.883718804872,Strategy A (all UP)
LIN,2025-08-01,2025-09-02,0.036641888033908145,20,131.04318754703314,Strategy A (all UP)
AAPL,2025-08-01,2025-09-02,0.12124429404245324,20,113.57076254076205,Strategy A (all UP)
TMO,2025-08-01,2025-09-02,0.062486151223567335,20,99.3744172231668,Strategy A (all UP)
BRK-B,2025-08-04,2025-09-03,0.08356357180485885,20,87.68330931455894,Strategy A (all UP)
PFE,2025-08-05,2025-09-04,0.003051881523236351,20,77.94071939071905,Strategy A (all UP)
JPM,2025-08-05,2025-09-04,0.025342837941390344,20,69.73643313906442,Strategy A (all UP)
DIS,2025-08-06,2025-09-05,0.026300228234104814,20,62.762789825157974,Strategy A (all UP)
MCD,2025-08-06,2025-09-05,0.03138387631198592,20,56.785381270381016,Strategy A (all UP)
LLY,2025-08-07,2025-09-08,0.11550797394747037,20,51.62307388216456,Strategy A (all UP)
UNH,2025-08-11,2025-09-10,0.35936525007334097,20,47.13411093588938,Strategy A (all UP)
NVDA,2025-08-27,2025-09-26,-0.015599943239909035,20,890.5029718539021,Strategy A (all UP)
WMT,2025-08-29,2025-09-30,0.058343803761671524,20,1108.2112469988504,Strategy A (all UP)
NKE,2025-10-01,2025-10-30,-0.1319333785821563,20,3019.5809922010803,Strategy A (all UP)
ACN,2025-10-10,2025-11-10,0.020095655783684864,20,2415.6647937608645,Strategy A (all UP)
NFLX,2025-10-22,2025-11-20,-0.015996915474245033,20,1932.5318350086914,Strategy A (all UP)
TSLA,2025-10-23,2025-11-21,-0.10061278469579246,20,1546.0254680069531,Strategy A (all UP)
TXN,2025-10-23,2025-11-21,-0.11145689375913635,20,1236.8203744055625,Strategy A (all UP)
HON,2025-10-23,2025-11-21,-0.09143180904963334,20,824.5469162703749,Strategy A (all UP)
PM,2025-10-24,2025-11-24,-0.019043878456601274,20,588.9620830502679,Strategy A (all UP)
PG,2025-10-24,2025-11-24,-0.01095972891469561,20,441.72156228770086,Strategy A (all UP)
NEE,2025-10-28,2025-11-26,0.029339309365043746,20,343.5612151126562,Strategy A (all UP)
UNH,2025-10-28,2025-11-26,-0.10446441109765582,20,274.84897209012496,Strategy A (all UP)
CMCSA,2025-10-30,2025-12-01,-0.009604547182011869,20,509.4838218808656,Strategy A (all UP)
GOOGL,2025-10-30,2025-12-01,0.1207824828593009,20,416.85039972070825,Strategy A (all UP)
BMY,2025-10-30,2025-12-01,0.08169184562548952,20,347.37533310059024,Strategy A (all UP)
LIN,2025-10-31,2025-12-02,-0.034747751326921324,20,293.9329741620379,Strategy A (all UP)
TMO,2025-10-31,2025-12-02,0.03143091797793119,20,251.94254928174678,Strategy A (all UP)
BRK-B,2025-11-03,2025-12-03,0.06633961937680731,20,218.35020937751386,Strategy A (all UP)
JPM,2025-11-04,2025-12-04,0.010789104314313031,20,191.05643320532465,Strategy A (all UP)
PFE,2025-11-04,2025-12-04,0.06878290959596994,20,168.5792057694041,Strategy A (all UP)
MCD,2025-11-05,2025-12-05,0.019548811343311198,20,149.84818290613697,Strategy A (all UP)
UPS,2025-11-05,2025-12-05,0.03714681621750252,20,134.07468996864887,Strategy A (all UP)
V,2025-11-06,2025-12-08,-0.019402299162683156,20,120.66722097178399,Strategy A (all UP)
NKE,2023-01-05,2023-02-06,0.027852546342951732,20,2000.0,Strategy B (conf>=0.72)
PG,2023-01-19,2023-02-17,-0.04126134422909036,20,1600.0,Strategy B (conf>=0.72)
V,2023-01-27,2023-02-28,-0.04343748032042247,20,1280.0,Strategy B (conf>=0.72)
ACN,2023-03-23,2023-04-24,0.022786279753079612,20,1986.817393421844,Strategy B (conf>=0.72)
NKE,2023-04-06,2023-05-08,0.06572233515863408,20,1589.453914737475,Strategy B (conf>=0.72)
TSLA,2023-04-24,2023-05-23,0.16406062079266265,20,1677.9810458633074,Strategy B (conf>=0.72)
GOOGL,2023-04-26,2023-05-25,0.1911493232498537,20,1342.384836690646,Strategy B (conf>=0.72)
TXN,2023-04-26,2023-05-25,0.020756082622393545,20,1073.9078693525169,Strategy B (conf>=0.72)
NEE,2023-04-26,2023-05-25,-0.0027493853109307105,20,859.1262954820133,Strategy B (conf>=0.72)
LIN,2023-04-27,2023-05-26,-0.024274977226560464,20,572.7508636546755,Strategy B (conf>=0.72)
CMCSA,2023-04-27,2023-05-26,-0.020230698267140024,20,409.10775975333974,Strategy B (conf>=0.72)
V,2023-04-27,2023-05-26,-0.020215774584016605,20,306.83081981500476,Strategy B (conf>=0.72)
BAC,2023-05-01,2023-05-31,-0.02699668457373305,20,238.64619318944813,Strategy B (conf>=0.72)
UPS,2023-05-03,2023-06-02,-0.02488182819736002,20,190.9169545515585,Strategy B (conf>=0.72)
MCD,2023-05-04,2023-06-05,-0.0153034738310385,20,156.20478099672968,Strategy B (conf>=0.72)
HD,2023-05-23,2023-06-23,0.01619086935293675,20,520.9236005534315,Strategy B (conf>=0.72)
ACN,2023-06-22,2023-07-24,0.051435511989274665,20,2014.5492831277415,Strategy B (conf>=0.72)
PEP,2023-07-13,2023-08-11,-0.021547358923230696,20,1717.510987804764,Strategy B (conf>=0.72)
NFLX,2023-07-21,2023-08-21,-0.05457648064108456,20,1374.008790243811,Strategy B (conf>=0.72)
V,2023-07-26,2023-08-24,0.021262296849884798,20,1522.8407635816575,Strategy B (conf>=0.72)
TXN,2023-07-26,2023-08-24,-0.03254692068627178,20,1218.272610865326,Strategy B (conf>=0.72)
MA,2023-07-27,2023-08-25,0.005759567268795826,20,974.6180886922608,Strategy B (conf>=0.72)
HON,2023-07-27,2023-08-25,-0.05677347932961366,20,649.7453924615072,Strategy B (conf>=0.72)
LIN,2023-07-27,2023-08-25,-0.019698986709518567,20,464.1038517582195,Strategy B (conf>=0.72)
BAC,2023-07-31,2023-08-29,-0.09365079211350263,20,348.0778888186646,Strategy B (conf>=0.72)
UNH,2023-08-02,2023-08-31,-0.02193910296256386,20,270.72724685896134,Strategy B (conf>=0.72)
JPM,2023-08-03,2023-09-01,-0.06692060268208637,20,216.58179748716907,Strategy B (conf>=0.72)
BRK-B,2023-08-07,2023-09-06,0.0006692881963239149,20,177.20328885313833,Strategy B (conf>=0.72)
UPS,2023-08-08,2023-09-07,-0.08843847678380393,20,147.66940737761527,Strategy B (conf>=0.72)
HD,2023-08-22,2023-09-21,-0.041503787947168365,20,418.5351699411,Strategy B (conf>=0.72)
NKE,2023-10-06,2023-11-06,0.1041870503918176,20,2092.5390105938905,Strategy B (conf>=0.72)
PEP,2023-10-10,2023-11-08,0.01815034190080481,20,1674.0312084751124,Strategy B (conf>=0.72)
NFLX,2023-10-20,2023-11-20,0.15292244546189881,20,1339.22496678009,Strategy B (conf>=0.72)
TSLA,2023-10-23,2023-11-21,0.0846350729151631,20,1071.379973424072,Strategy B (conf>=0.72)
GOOGL,2023-10-25,2023-11-24,0.11873723499474866,20,857.1039787392576,Strategy B (conf>=0.72)
TXN,2023-10-25,2023-11-24,0.09441088450091036,20,571.4026524928385,Strategy B (conf>=0.72)
HON,2023-10-26,2023-11-27,0.10200802882964362,20,408.1447517805988,Strategy B (conf>=0.72)
LIN,2023-10-26,2023-11-27,0.12396618492362532,20,306.10856383544916,Strategy B (conf>=0.72)
MA,2023-10-26,2023-11-27,0.12044933038086945,20,238.08443853868266,Strategy B (conf>=0.72)
CMCSA,2023-10-26,2023-11-27,0.11399996596948052,20,190.46755083094612,Strategy B (conf>=0.72)
BAC,2023-10-31,2023-11-30,0.15070619935105778,20,155.83708704350138,Strategy B (conf>=0.72)
UPS,2023-11-01,2023-12-01,0.0826503721627419,20,129.86423920291782,Strategy B (conf>=0.72)
JPM,2023-11-01,2023-12-01,0.11128497622466622,20,109.885125479392,Strategy B (conf>=0.72)
TMO,2023-11-03,2023-12-05,0.07841747062245831,20,94.18725041090742,Strategy B (conf>=0.72)
UNH,2023-11-06,2023-12-06,0.02527764940036256,20,252.49919523423407,Strategy B (conf>=0.72)
NEE,2023-11-07,2023-12-07,0.045438734373076585,20,218.83263586966953,Strategy B (conf>=0.72)
HD,2023-11-21,2023-12-21,0.15138854021168435,20,574.9347052888709,Strategy B (conf>=0.72)
ACN,2023-12-19,2024-01-22,0.05620908775399692,20,2157.4963547415787,Strategy B (conf>=0.72)
V,2024-01-26,2024-02-27,0.065411588182148,20,2314.145181336016,Strategy B (conf>=0.72)
ACN,2024-03-21,2024-04-22,-0.08822231659816017,20,2344.4195636550667,Strategy B (conf>=0.72)
V,2024-04-24,2024-05-23,0.00918200479870842,20,2303.0535386583274,Strategy B (conf>=0.72)
TSLA,2024-04-24,2024-05-23,0.14268391654011003,20,1842.442830926662,Strategy B (conf>=0.72)
TXN,2024-04-24,2024-05-23,0.1579721424390079,20,1473.9542647413296,Strategy B (conf>=0.72)
BAC,2024-04-30,2024-05-30,0.039849127561791015,20,1179.1634117930637,Strategy B (conf>=0.72)
JPM,2024-05-01,2024-05-31,0.031268104203965676,20,943.330729434451,Strategy B (conf>=0.72)
LIN,2024-05-02,2024-06-03,0.0374137173510998,20,628.8871529563006,Strategy B (conf>=0.72)
UPS,2024-05-03,2024-06-04,-0.05605745977673828,20,449.2051092545004,Strategy B (conf>=0.72)
UNH,2024-05-09,2024-06-10,-0.03636352707255395,20,336.90383194087536,Strategy B (conf>=0.72)
HD,2024-05-21,2024-06-21,0.06667088159244301,20,262.03631373179195,Strategy B (conf>=0.72)
COST,2024-06-06,2024-07-09,0.04290083876009365,20,2301.6074748082365,Strategy B (conf>=0.72)
ACN,2024-06-20,2024-07-22,0.08088255256420704,20,1906.2165439120386,Strategy B (conf>=0.72)
NFLX,2024-07-19,2024-08-19,0.05305780885819819,20,2060.944209479938,Strategy B (conf>=0.72)
CMCSA,2024-07-23,2024-08-21,0.03799777376351652,20,2060.8346083287033,Strategy B (conf>=0.72)
V,2024-07-24,2024-08-22,0.05416765584934677,20,1648.6676866629628,Strategy B (conf>=0.72)
VZ,2024-07-25,2024-08-23,0.026318112071349126,20,1318.9341493303702,Strategy B (conf>=0.72)
BAC,2024-07-30,2024-08-28,-0.046840452666684435,20,1055.1473194642963,Strategy B (conf>=0.72)
MA,2024-07-31,2024-08-29,0.018357221309694145,20,703.4315463095309,Strategy B (conf>=0.72)
JPM,2024-08-02,2024-09-03,0.14458105008704508,20,502.4511045068078,Strategy B (conf>=0.72)
LIN,2024-08-02,2024-09-03,0.042943693370312876,20,376.8383283801058,Strategy B (conf>=0.72)
BRK-B,2024-08-05,2024-09-04,0.14854008901332766,20,293.0964776289712,Strategy B (conf>=0.72)
UNH,2024-08-09,2024-09-10,0.05748994506604692,20,234.47718210317694,Strategy B (conf>=0.72)
HD,2024-08-20,2024-09-19,0.06332241260414533,20,428.0588032342527,Strategy B (conf>=0.72)
NFLX,2024-10-18,2024-11-18,0.06395516724222222,20,2562.6458929335895,Strategy B (conf>=0.72)
RTX,2024-10-22,2024-11-20,-0.059522005553571136,20,2050.1167143468715,Strategy B (conf>=0.72)
TSLA,2024-10-24,2024-11-22,0.3313307032024085,20,1640.0933714774974,Strategy B (conf>=0.72)
VZ,2024-10-25,2024-11-25,0.04459703537370699,20,1312.0746971819979,Strategy B (conf>=0.72)
BAC,2024-10-29,2024-11-27,0.1454876153217514,20,1049.6597577455982,Strategy B (conf>=0.72)
JPM,2024-10-30,2024-11-29,0.1109716234245137,20,699.7731718303988,Strategy B (conf>=0.72)
GOOGL,2024-10-30,2024-11-29,-0.027742908109056517,20,499.8379798788563,Strategy B (conf>=0.72)
MA,2024-10-31,2024-12-02,0.06392284176224003,20,374.8784849091422,Strategy B (conf>=0.72)
CMCSA,2024-10-31,2024-12-02,-0.031214180911965057,20,291.5721549293328,Strategy B (conf>=0.72)
LIN,2024-10-31,2024-12-02,0.008813600155347327,20,233.25772394346623,Strategy B (conf>=0.72)
TMO,2024-11-01,2024-12-03,-0.048477741741367375,20,190.8472286810178,Strategy B (conf>=0.72)
UNH,2024-11-04,2024-12-04,0.09346865284268337,20,159.0393572341815,Strategy B (conf>=0.72)
UPS,2024-11-06,2024-12-06,-0.04149867654523714,20,134.57176381353818,Strategy B (conf>=0.72)
HD,2024-11-19,2024-12-19,-0.02361406010982105,20,333.95396195086226,Strategy B (conf>=0.72)
WMT,2024-12-06,2025-01-08,-0.04645436100105316,20,2671.3036155220434,Strategy B (conf>=0.72)
COST,2024-12-19,2025-01-23,-0.009110480612983331,20,2202.256483021523,Strategy B (conf>=0.72)
NKE,2025-01-03,2025-02-05,0.0335762647387358,20,1761.805186417218,Strategy B (conf>=0.72)
V,2025-01-31,2025-03-04,0.05992903669790432,20,2355.324705344035,Strategy B (conf>=0.72)
BRK-B,2025-02-24,2025-03-25,0.04675911571260138,20,2248.451769030116,Strategy B (conf>=0.72)
ACN,2025-03-20,2025-04-21,-0.04901196494220646,20,2298.056824433308,Strategy B (conf>=0.72)
NKE,2025-04-03,2025-05-05,0.09107060745198653,20,2309.162936641126,Strategy B (conf>=0.72)
TSLA,2025-04-23,2025-05-22,0.3239500754350674,20,2284.415258096698,Strategy B (conf>=0.72)
NEE,2025-04-23,2025-05-22,0.026744564515143333,20,1827.5322064773582,Strategy B (conf>=0.72)
TXN,2025-04-24,2025-05-23,0.10206573131066532,20,1462.0257651818865,Strategy B (conf>=0.72)
CMCSA,2025-04-24,2025-05-23,0.02047972999741901,20,1169.620612145509,Strategy B (conf>=0.72)
HON,2025-04-29,2025-05-29,0.07276084260998589,20,779.7470747636727,Strategy B (conf>=0.72)
V,2025-04-30,2025-05-30,0.04636999017388376,20,556.9621962597663,Strategy B (conf>=0.72)
BAC,2025-04-30,2025-05-30,0.10874381505161863,20,417.7216471948247,Strategy B (conf>=0.72)
JPM,2025-05-01,2025-06-02,0.04580407115432035,20,324.89461448486367,Strategy B (conf>=0.72)
MA,2025-05-01,2025-06-02,0.04376001385944044,20,259.91569158789093,Strategy B (conf>=0.72)
LIN,2025-05-01,2025-06-02,0.024281064712087564,20,212.65829311736533,Strategy B (conf>=0.72)
TMO,2025-05-02,2025-06-03,-0.06570172794621582,20,177.21524426447112,Strategy B (conf>=0.72)
UPS,2025-05-07,2025-06-06,0.05023249358609294,20,372.40229124131906,Strategy B (conf>=0.72)
COST,2025-06-05,2025-07-08,-0.03150078742802751,20,2935.7969524560212,Strategy B (conf>=0.72)
GOOGL,2025-07-24,2025-08-22,0.05499538426569442,20,2995.522766699297,Strategy B (conf>=0.72)
TXN,2025-07-29,2025-08-27,0.07337658138570392,20,2396.4182133594377,Strategy B (conf>=0.72)
BAC,2025-07-31,2025-08-29,0.0885168379030928,20,1917.1345706875502,Strategy B (conf>=0.72)
MA,2025-07-31,2025-08-29,0.04890599598306453,20,1533.7076565500402,Strategy B (conf>=0.72)
LIN,2025-08-01,2025-09-02,0.036641888033908145,20,1226.9661252400322,Strategy B (conf>=0.72)
TMO,2025-08-01,2025-09-02,0.062486151223567335,20,817.9774168266881,Strategy B (conf>=0.72)
JPM,2025-08-05,2025-09-04,0.025342837941390344,20,584.2695834476343,Strategy B (conf>=0.72)
WMT,2025-08-29,2025-09-30,0.058343803761671524,20,2586.737560040509,Strategy B (conf>=0.72)
NKE,2025-10-01,2025-10-30,-0.1319333785821563,20,3164.939739923597,Strategy B (conf>=0.72)
NFLX,2025-10-22,2025-11-20,-0.015996915474245033,20,2531.9517919388777,Strategy B (conf>=0.72)
TSLA,2025-10-23,2025-11-21,-0.10061278469579246,20,2025.5614335511018,Strategy B (conf>=0.72)
TXN,2025-10-23,2025-11-21,-0.11145689375913635,20,1620.4491468408814,Strategy B (conf>=0.72)
GOOGL,2025-10-30,2025-12-01,0.1207824828593009,20,1845.835026878014,Strategy B (conf>=0.72)
CMCSA,2025-10-30,2025-12-01,-0.009604547182011869,20,1476.6680215024112,Strategy B (conf>=0.72)
LIN,2025-10-31,2025-12-02,-0.034747751326921324,20,984.4453476682742,Strategy B (conf>=0.72)
JPM,2025-11-04,2025-12-04,0.010789104314313031,20,703.1752483344816,Strategy B (conf>=0.72)
MCD,2025-11-05,2025-12-05,0.019548811343311198,20,527.3814362508612,Strategy B (conf>=0.72)
UPS,2025-11-05,2025-12-05,0.03714681621750252,20,410.1855615284476,Strategy B (conf>=0.72)
MSFT,2023-01-24,2023-02-23,0.09163106241987107,20,2000.0,Strategy C (Fin+Tech only)
V,2023-01-27,2023-02-28,-0.04343748032042247,20,1600.0,Strategy C (Fin+Tech only)
GOOGL,2023-02-03,2023-03-07,-0.07346074626328415,20,1280.0,Strategy C (Fin+Tech only)
CRM,2023-03-08,2023-04-06,0.05853044556667134,20,2003.9464802220127,Strategy C (Fin+Tech only)
MSFT,2023-04-25,2023-05-24,0.06208744036655919,20,2027.404856297844,Strategy C (Fin+Tech only)
GOOGL,2023-04-26,2023-05-25,0.1911493232498537,20,1621.923885038275,Strategy C (Fin+Tech only)
TXN,2023-04-26,2023-05-25,0.020756082622393545,20,1297.53910803062,Strategy C (Fin+Tech only)
MA,2023-04-27,2023-05-26,-0.005107200816830722,20,1038.0312864244959,Strategy C (Fin+Tech only)
V,2023-04-27,2023-05-26,-0.020215774584016605,20,830.4250291395967,Strategy C (Fin+Tech only)
BAC,2023-05-01,2023-05-31,-0.02699668457373305,20,553.6166860930645,Strategy C (Fin+Tech only)
AAPL,2023-05-05,2023-06-06,0.043868752616192094,20,395.44049006647464,Strategy C (Fin+Tech only)
BRK-B,2023-05-08,2023-06-07,0.0271343761683516,20,296.580367549856,Strategy C (Fin+Tech only)
V,2023-07-26,2023-08-24,0.021262296849884798,20,2117.6444422665295,Strategy C (Fin+Tech only)
TXN,2023-07-26,2023-08-24,-0.03254692068627178,20,1694.1155538132234,Strategy C (Fin+Tech only)
MA,2023-07-27,2023-08-25,0.005759567268795826,20,1355.2924430505786,Strategy C (Fin+Tech only)
MSFT,2023-07-27,2023-08-25,-0.035523175467125384,20,1084.2339544404629,Strategy C (Fin+Tech only)
BAC,2023-07-31,2023-08-29,-0.09365079211350263,20,867.3871635523703,Strategy C (Fin+Tech only)
JPM,2023-08-03,2023-09-01,-0.06692060268208637,20,578.2581090349136,Strategy C (Fin+Tech only)
AAPL,2023-08-04,2023-09-05,0.034162950847233885,20,413.04150645350967,Strategy C (Fin+Tech only)
BRK-B,2023-08-07,2023-09-06,0.0006692881963239149,20,309.7811298401323,Strategy C (Fin+Tech only)
AVGO,2023-09-06,2023-10-05,-0.04163204487998366,20,2088.3579179890453,Strategy C (Fin+Tech only)
MSFT,2023-10-24,2023-11-22,0.09681225714292016,20,2070.969395875607,Strategy C (Fin+Tech only)
GOOGL,2023-10-25,2023-11-24,0.11873723499474866,20,1656.7755167004857,Strategy C (Fin+Tech only)
TXN,2023-10-25,2023-11-24,0.09441088450091036,20,1325.4204133603887,Strategy C (Fin+Tech only)
MA,2023-10-26,2023-11-27,0.12044933038086945,20,1060.336330688311,Strategy C (Fin+Tech only)
BAC,2023-10-31,2023-11-30,0.15070619935105778,20,848.2690645506485,Strategy C (Fin+Tech only)
JPM,2023-11-01,2023-12-01,0.11128497622466622,20,565.5127097004323,Strategy C (Fin+Tech only)
V,2023-11-15,2023-12-15,0.022814310628475554,20,403.9376497860231,Strategy C (Fin+Tech only)
CRM,2023-11-30,2024-01-02,0.041160211718474636,20,2032.6606213513112,Strategy C (Fin+Tech only)
V,2024-01-26,2024-02-27,0.065411588182148,20,2257.7133670480302,Strategy C (Fin+Tech only)
MSFT,2024-01-30,2024-02-29,0.004985133379062866,20,1806.1706936384244,Strategy C (Fin+Tech only)
GOOGL,2024-01-31,2024-03-01,-0.026963954744189302,20,1444.9365549107395,Strategy C (Fin+Tech only)
MA,2024-02-13,2024-03-14,0.040168606813319144,20,1155.9492439285914,Strategy C (Fin+Tech only)
BRK-B,2024-02-26,2024-03-26,0.0009305700286367515,20,924.7593951428731,Strategy C (Fin+Tech only)
CRM,2024-03-06,2024-04-05,-0.0404658810222412,20,1865.1163222211335,Strategy C (Fin+Tech only)
V,2024-04-24,2024-05-23,0.00918200479870842,20,2275.6220198083665,Strategy C (Fin+Tech only)
TXN,2024-04-24,2024-05-23,0.1579721424390079,20,1820.4976158466934,Strategy C (Fin+Tech only)
MSFT,2024-04-25,2024-05-24,0.037310679875825495,20,1456.3980926773547,Strategy C (Fin+Tech only)
BAC,2024-04-30,2024-05-30,0.039849127561791015,20,1165.1184741418836,Strategy C (Fin+Tech only)
JPM,2024-05-01,2024-05-31,0.031268104203965676,20,932.0947793135068,Strategy C (Fin+Tech only)
AAPL,2024-05-03,2024-06-04,0.06784556922983631,20,621.3965195423378,Strategy C (Fin+Tech only)
BRK-B,2024-05-06,2024-06-05,0.00679007073646696,20,443.8546568159556,Strategy C (Fin+Tech only)
CRM,2024-05-30,2024-07-01,0.17717534232809484,20,1958.002996412939,Strategy C (Fin+Tech only)
V,2024-07-24,2024-08-22,0.05416765584934677,20,2441.7176861390444,Strategy C (Fin+Tech only)
GOOGL,2024-07-24,2024-08-22,-0.031489406823389625,20,1953.3741489112356,Strategy C (Fin+Tech only)
MSFT,2024-07-30,2024-08-28,-0.012586752462544336,20,1562.6993191289885,Strategy C (Fin+Tech only)
BAC,2024-07-30,2024-08-28,-0.046840452666684435,20,1250.159455303191,Strategy C (Fin+Tech only)
MA,2024-07-31,2024-08-29,0.018357221309694145,20,1000.1275642425526,Strategy C (Fin+Tech only)
JPM,2024-08-02,2024-09-03,0.14458105008704508,20,666.751709495035,Strategy C (Fin+Tech only)
AAPL,2024-08-02,2024-09-03,0.14830206695014037,20,476.2512210678822,Strategy C (Fin+Tech only)
BRK-B,2024-08-05,2024-09-04,0.14854008901332766,20,357.1884158009116,Strategy C (Fin+Tech only)
CRM,2024-08-29,2024-09-30,0.06480224157508409,20,2143.8561666243204,Strategy C (Fin+Tech only)
BAC,2024-10-29,2024-11-27,0.1454876153217514,20,2515.6968733105746,Strategy C (Fin+Tech only)
GOOGL,2024-10-30,2024-11-29,-0.027742908109056517,20,2012.5574986484594,Strategy C (Fin+Tech only)
MSFT,2024-10-30,2024-11-29,0.012412037995573978,20,1610.0459989187675,Strategy C (Fin+Tech only)
JPM,2024-10-30,2024-11-29,0.1109716234245137,20,1288.036799135014,Strategy C (Fin+Tech only)
MA,2024-10-31,2024-12-02,0.06392284176224003,20,1030.4294393080113,Strategy C (Fin+Tech only)
BRK-B,2024-11-04,2024-12-04,0.06411561924655966,20,686.9529595386742,Strategy C (Fin+Tech only)
V,2024-11-13,2024-12-13,0.020112066403430877,20,490.6806853847673,Strategy C (Fin+Tech only)
CRM,2024-12-04,2025-01-06,-0.0741163348024003,20,2534.1608203046194,Strategy C (Fin+Tech only)
MSFT,2025-01-29,2025-02-28,-0.06146911687648035,20,2596.706135526876,Strategy C (Fin+Tech only)
V,2025-01-31,2025-03-04,0.05992903669790432,20,2077.364908421501,Strategy C (Fin+Tech only)
GOOGL,2025-02-05,2025-03-07,-0.09725336377173387,20,1661.8919267372003,Strategy C (Fin+Tech only)
MA,2025-02-12,2025-03-14,-0.07702555662562002,20,1329.5135413897603,Strategy C (Fin+Tech only)
BRK-B,2025-02-24,2025-03-25,0.04675911571260138,20,1063.610833111808,Strategy C (Fin+Tech only)
TXN,2025-04-24,2025-05-23,0.10206573131066532,20,2546.8220647758117,Strategy C (Fin+Tech only)
BAC,2025-04-30,2025-05-30,0.10874381505161863,20,2037.457651820649,Strategy C (Fin+Tech only)
MSFT,2025-04-30,2025-05-30,0.0673212449230458,20,1629.9661214565194,Strategy C (Fin+Tech only)
V,2025-04-30,2025-05-30,0.04636999017388376,20,1303.9728971652155,Strategy C (Fin+Tech only)
JPM,2025-05-01,2025-06-02,0.04580407115432035,20,1043.1783177321722,Strategy C (Fin+Tech only)
MA,2025-05-01,2025-06-02,0.04376001385944044,20,695.4522118214481,Strategy C (Fin+Tech only)
BRK-B,2025-05-05,2025-06-04,-0.025785612774058903,20,496.75157987246297,Strategy C (Fin+Tech only)
NVDA,2025-05-28,2025-06-27,0.09601801344897125,20,826.7535429385816,Strategy C (Fin+Tech only)
CRM,2025-05-29,2025-06-30,0.024422328287229525,20,620.0651572039362,Strategy C (Fin+Tech only)
AVGO,2025-06-11,2025-07-14,0.09726614532799742,20,2400.8796251409913,Strategy C (Fin+Tech only)
GOOGL,2025-07-24,2025-08-22,0.05499538426569442,20,2755.853560003007,Strategy C (Fin+Tech only)
TXN,2025-07-29,2025-08-27,0.07337658138570392,20,2204.6828480024055,Strategy C (Fin+Tech only)
MSFT,2025-07-30,2025-08-28,-0.08620141591524286,20,1763.7462784019244,Strategy C (Fin+Tech only)
MA,2025-07-31,2025-08-29,0.04890599598306453,20,1410.9970227215397,Strategy C (Fin+Tech only)
BAC,2025-07-31,2025-08-29,0.0885168379030928,20,1128.7976181772315,Strategy C (Fin+Tech only)
AAPL,2025-08-01,2025-09-02,0.12124429404245324,20,752.5317454514876,Strategy C (Fin+Tech only)
BRK-B,2025-08-04,2025-09-03,0.08356357180485885,20,537.5226753224912,Strategy C (Fin+Tech only)
JPM,2025-08-05,2025-09-04,0.025342837941390344,20,403.1420064918684,Strategy C (Fin+Tech only)
NVDA,2025-08-27,2025-09-26,-0.015599943239909035,20,1156.5516813409934,Strategy C (Fin+Tech only)
TXN,2025-10-23,2025-11-21,-0.11145689375913635,20,2847.563523362348,Strategy C (Fin+Tech only)
GOOGL,2025-10-30,2025-12-01,0.1207824828593009,20,2278.0508186898783,Strategy C (Fin+Tech only)
BRK-B,2025-11-03,2025-12-03,0.06633961937680731,20,1822.4406549519026,Strategy C (Fin+Tech only)
JPM,2025-11-04,2025-12-04,0.010789104314313031,20,1457.9525239615223,Strategy C (Fin+Tech only)
V,2025-11-06,2025-12-08,-0.019402299162683156,20,1166.3620191692175,Strategy C (Fin+Tech only)
NKE,2023-01-05,2023-02-06,0.026265244755650143,20,4000.0,Strategy D (2x leveraged)
PG,2023-01-19,2023-02-17,-0.04284864581639195,20,2400.0,Strategy D (2x leveraged)
V,2023-01-27,2023-02-28,-0.045024781907724055,20,1440.0,Strategy D (2x leveraged)
ACN,2023-03-23,2023-04-24,0.021198978165778024,20,3974.9554172464555,Strategy D (2x leveraged)
NKE,2023-04-06,2023-05-08,0.0641350335713325,20,2384.973250347873,Strategy D (2x leveraged)
TSLA,2023-04-24,2023-05-23,0.16247331920536107,20,3054.6721143473656,Strategy D (2x leveraged)
GOOGL,2023-04-26,2023-05-25,0.18956202166255212,20,1832.8032686084189,Strategy D (2x leveraged)
TXN,2023-04-26,2023-05-25,0.019168781035091956,20,1099.6819611650515,Strategy D (2x leveraged)
NEE,2023-04-26,2023-05-25,-0.004336686898232298,20,659.8091766990308,Strategy D (2x leveraged)
LIN,2023-04-27,2023-05-26,-0.025862278813862053,20,395.8855060194185,Strategy D (2x leveraged)
CMCSA,2023-04-27,2023-05-26,-0.021817999854441612,20,237.53130361165105,Strategy D (2x leveraged)
V,2023-04-27,2023-05-26,-0.021803076171318193,20,142.5187821669906,Strategy D (2x leveraged)
BAC,2023-05-01,2023-05-31,-0.02858398616103464,20,85.51126930019437,Strategy D (2x leveraged)
UPS,2023-05-03,2023-06-02,-0.026469129784661607,20,51.306761580116614,Strategy D (2x leveraged)
MCD,2023-05-04,2023-06-05,-0.01689077541834009,20,30.784056948069964,Strategy D (2x leveraged)
HD,2023-05-23,2023-06-23,0.014603567765635162,20,2454.0338028388833,Strategy D (2x leveraged)
ACN,2023-06-22,2023-07-24,0.04984821040197308,20,3423.8721152665785,Strategy D (2x leveraged)
PEP,2023-07-13,2023-08-11,-0.023134660510532284,20,3050.2718498710674,Strategy D (2x leveraged)
NFLX,2023-07-21,2023-08-21,-0.056163782228386146,20,1830.1631099226406,Strategy D (2x leveraged)
V,2023-07-26,2023-08-24,0.01967499526258321,20,2535.9162710967184,Strategy D (2x leveraged)
TXN,2023-07-26,2023-08-24,-0.03413422227357337,20,1521.5497626580309,Strategy D (2x leveraged)
MA,2023-07-27,2023-08-25,0.004172265681494239,20,912.9298575948186,Strategy D (2x leveraged)
HON,2023-07-27,2023-08-25,-0.058360780916915246,20,547.757914556891,Strategy D (2x leveraged)
LIN,2023-07-27,2023-08-25,-0.021286288296820156,20,328.65474873413467,Strategy D (2x leveraged)
BAC,2023-07-31,2023-08-18,-0.08203174603174604,13,197.19284924048077,Strategy D (2x leveraged)
UNH,2023-08-02,2023-08-31,-0.02352640454986545,20,118.31570954428847,Strategy D (2x leveraged)
JPM,2023-08-03,2023-09-01,-0.06850790426938795,20,70.98942572657307,Strategy D (2x leveraged)
BRK-B,2023-08-07,2023-09-06,-0.0009180133909776724,20,42.593655435943845,Strategy D (2x leveraged)
UPS,2023-08-08,2023-09-07,-0.08258730158730158,20,25.556193261566307,Strategy D (2x leveraged)
HD,2023-08-22,2023-09-21,-0.043091089534469953,20,1970.5720556554581,Strategy D (2x leveraged)
NKE,2023-10-06,2023-11-06,0.10259974880451601,20,4359.514308641914,Strategy D (2x leveraged)
PEP,2023-10-10,2023-11-08,0.01656304031350322,20,2615.708585185148,Strategy D (2x leveraged)
NFLX,2023-10-20,2023-11-20,0.15133514387459723,20,1569.4251511110888,Strategy D (2x leveraged)
TSLA,2023-10-23,2023-10-31,-0.0813968253968254,5,941.6550906666533,Strategy D (2x leveraged)
GOOGL,2023-10-25,2023-11-24,0.11714993340744707,20,564.9930543999919,Strategy D (2x leveraged)
TXN,2023-10-25,2023-11-24,0.09282358291360877,20,338.9958326399951,Strategy D (2x leveraged)
HON,2023-10-26,2023-11-27,0.10042072724234204,20,203.39749958399707,Strategy D (2x leveraged)
LIN,2023-10-26,2023-11-27,0.12237888333632374,20,122.03849975039826,Strategy D (2x leveraged)
MA,2023-10-26,2023-11-27,0.11886202879356787,20,73.22309985023894,Strategy D (2x leveraged)
CMCSA,2023-10-26,2023-11-27,0.11241266438217894,20,43.93385991014337,Strategy D (2x leveraged)
BAC,2023-10-31,2023-11-30,0.1491188977637562,20,372.3632582131372,Strategy D (2x leveraged)
UPS,2023-11-01,2023-12-01,0.08106307057544032,20,223.41795492788233,Strategy D (2x leveraged)
JPM,2023-11-01,2023-12-01,0.10969767463736464,20,134.05077295672942,Strategy D (2x leveraged)
TMO,2023-11-03,2023-12-05,0.07683016903515673,20,80.43046377403765,Strategy D (2x leveraged)
UNH,2023-11-06,2023-12-06,0.02369034781306097,20,1970.9780309117298,Strategy D (2x leveraged)
NEE,2023-11-07,2023-12-07,0.043851432785774996,20,1182.5868185470379,Strategy D (2x leveraged)
HD,2023-11-21,2023-12-21,0.14980123862438277,20,2495.9388927621603,Strategy D (2x leveraged)
ACN,2023-12-19,2024-01-22,0.05462178616669533,20,3757.6195157776588,Strategy D (2x leveraged)
V,2024-01-26,2024-02-27,0.06382428659484642,20,4987.652123823784,Strategy D (2x leveraged)
ACN,2024-03-21,2024-04-12,-0.08211111111111111,14,5114.985459258313,Strategy D (2x leveraged)
V,2024-04-24,2024-05-23,0.0075947032114068325,20,4946.986603507562,Strategy D (2x leveraged)
TSLA,2024-04-24,2024-05-23,0.14109661495280845,20,2968.191962104537,Strategy D (2x leveraged)
TXN,2024-04-24,2024-05-23,0.1563848408517063,20,1780.9151772627222,Strategy D (2x leveraged)
BAC,2024-04-30,2024-05-30,0.038261825974489426,20,1068.5491063576335,Strategy D (2x leveraged)
JPM,2024-05-01,2024-05-31,0.029680802616664087,20,641.12946381458,Strategy D (2x leveraged)
LIN,2024-05-02,2024-06-03,0.03582641576379821,20,384.677678288748,Strategy D (2x leveraged)
UPS,2024-05-03,2024-06-04,-0.05764476136403987,20,230.80660697324876,Strategy D (2x leveraged)
UNH,2024-05-09,2024-06-10,-0.03795082865985554,20,138.48396418394924,Strategy D (2x leveraged)
HD,2024-05-21,2024-06-21,0.06508358000514143,20,83.09037851036953,Strategy D (2x leveraged)
COST,2024-06-06,2024-07-09,0.04131353717279206,20,5176.465497498322,Strategy D (2x leveraged)
ACN,2024-06-20,2024-07-22,0.07929525097690546,20,3159.1706516938198,Strategy D (2x leveraged)
NFLX,2024-07-19,2024-08-05,-0.0817936507936508,10,4087.0311090405726,Strategy D (2x leveraged)
CMCSA,2024-07-23,2024-08-21,0.03641047217621493,20,3816.089817983846,Strategy D (2x leveraged)
V,2024-07-24,2024-08-22,0.05258035426204518,20,2289.6538907903073,Strategy D (2x leveraged)
VZ,2024-07-25,2024-08-23,0.024730810484047537,20,1373.7923344741844,Strategy D (2x leveraged)
BAC,2024-07-30,2024-08-05,-0.08123809523809523,3,824.2754006845106,Strategy D (2x leveraged)
MA,2024-07-31,2024-08-29,0.016769919722392557,20,494.5652404107063,Strategy D (2x leveraged)
JPM,2024-08-02,2024-09-03,0.1429937484997435,20,296.73914424642373,Strategy D (2x leveraged)
LIN,2024-08-02,2024-09-03,0.04135639178301129,20,178.04348654785423,Strategy D (2x leveraged)
BRK-B,2024-08-05,2024-09-04,0.14695278742602608,20,1910.8463922911942,Strategy D (2x leveraged)
UNH,2024-08-09,2024-09-10,0.05590264347874533,20,1146.5078353747165,Strategy D (2x leveraged)
HD,2024-08-20,2024-09-19,0.06173511101684374,20,687.90470122483,Strategy D (2x leveraged)
NFLX,2024-10-18,2024-11-18,0.06236786565492063,20,5585.906052634389,Strategy D (2x leveraged)
RTX,2024-10-22,2024-11-20,-0.061109307140872725,20,3351.543631580633,Strategy D (2x leveraged)
TSLA,2024-10-24,2024-11-22,0.3297434016151069,20,2010.9261789483799,Strategy D (2x leveraged)
VZ,2024-10-25,2024-11-25,0.0430097337864054,20,1206.5557073690277,Strategy D (2x leveraged)
BAC,2024-10-29,2024-11-27,0.1439003137344498,20,723.9334244214167,Strategy D (2x leveraged)
JPM,2024-10-30,2024-11-29,0.10938432183721211,20,434.36005465285,Strategy D (2x leveraged)
GOOGL,2024-10-30,2024-11-29,-0.029330209696358106,20,260.61603279171,Strategy D (2x leveraged)
MA,2024-10-31,2024-12-02,0.06233554017493844,20,156.36961967502597,Strategy D (2x leveraged)
CMCSA,2024-10-31,2024-12-02,-0.03280148249926664,20,93.82177180501557,Strategy D (2x leveraged)
LIN,2024-10-31,2024-12-02,0.00722629856804574,20,56.29306308300934,Strategy D (2x leveraged)
TMO,2024-11-01,2024-11-18,-0.0817936507936508,10,33.775837849805605,Strategy D (2x leveraged)
UNH,2024-11-04,2024-12-04,0.09188135125538179,20,20.26550270988336,Strategy D (2x leveraged)
UPS,2024-11-06,2024-12-06,-0.04308597813253873,20,12.159301625930015,Strategy D (2x leveraged)
HD,2024-11-19,2024-12-19,-0.02520136169712264,20,2393.41569283538,Strategy D (2x leveraged)
WMT,2024-12-06,2025-01-08,-0.048041662588354746,20,5031.839163809341,Strategy D (2x leveraged)
COST,2024-12-19,2025-01-23,-0.010697782200284918,20,3952.3428415930707,Strategy D (2x leveraged)
NKE,2025-01-03,2025-02-05,0.031988963151434215,20,2371.405704955843,Strategy D (2x leveraged)
V,2025-01-31,2025-03-04,0.058341735110602734,20,4902.908536251744,Strategy D (2x leveraged)
BRK-B,2025-02-24,2025-03-25,0.04517181412529979,20,3920.650927618557,Strategy D (2x leveraged)
ACN,2025-03-20,2025-04-21,-0.050599266529508045,20,4427.971647509237,Strategy D (2x leveraged)
NKE,2025-04-03,2025-05-05,0.08948330586468495,20,4295.884525533993,Strategy D (2x leveraged)
TSLA,2025-04-23,2025-05-22,0.3223627738477658,20,4259.09852729312,Strategy D (2x leveraged)
NEE,2025-04-23,2025-05-22,0.025157262927841744,20,2555.4591163758723,Strategy D (2x leveraged)
TXN,2025-04-24,2025-05-23,0.10047842972336374,20,1533.2754698255235,Strategy D (2x leveraged)
CMCSA,2025-04-24,2025-05-23,0.018892428410117422,20,919.9652818953141,Strategy D (2x leveraged)
HON,2025-04-29,2025-05-29,0.0711735410226843,20,551.9791691371884,Strategy D (2x leveraged)
V,2025-04-30,2025-05-30,0.04478268858658217,20,331.18750148231305,Strategy D (2x leveraged)
BAC,2025-04-30,2025-05-30,0.10715651346431705,20,198.7125008893878,Strategy D (2x leveraged)
JPM,2025-05-01,2025-06-02,0.04421676956701876,20,119.22750053363268,Strategy D (2x leveraged)
MA,2025-05-01,2025-06-02,0.042172712272138854,20,71.53650032017961,Strategy D (2x leveraged)
LIN,2025-05-01,2025-06-02,0.022693763124785975,20,42.92190019210776,Strategy D (2x leveraged)
TMO,2025-05-02,2025-06-03,-0.0672890295335174,20,25.75314011526466,Strategy D (2x leveraged)
UPS,2025-05-07,2025-06-06,0.04864519199879135,20,1887.569673865846,Strategy D (2x leveraged)
COST,2025-06-05,2025-07-08,-0.0330880890153291,20,6052.846718887752,Strategy D (2x leveraged)
GOOGL,2025-07-24,2025-08-22,0.05340808267839283,20,6764.49221170033,Strategy D (2x leveraged)
TXN,2025-07-29,2025-08-27,0.07178927979840234,20,4058.695327020198,Strategy D (2x leveraged)
BAC,2025-07-31,2025-08-29,0.08692953631579121,20,2435.217196212119,Strategy D (2x leveraged)
MA,2025-07-31,2025-08-29,0.047318694395762945,20,1461.1303177272714,Strategy D (2x leveraged)
LIN,2025-08-01,2025-09-02,0.035054586446606556,20,876.6781906363627,Strategy D (2x leveraged)
TMO,2025-08-01,2025-09-02,0.060898849636265746,20,526.0069143818176,Strategy D (2x leveraged)
JPM,2025-08-05,2025-09-04,0.023755536354088756,20,315.6041486290906,Strategy D (2x leveraged)
WMT,2025-08-29,2025-09-30,0.056756502174369935,20,6450.5686920172775,Strategy D (2x leveraged)
NKE,2025-10-01,2025-10-08,-0.08131746031746032,4,7312.433941166886,Strategy D (2x leveraged)
NFLX,2025-10-22,2025-11-20,-0.01758421706154662,20,7074.58251843293,Strategy D (2x leveraged)
TSLA,2025-10-23,2025-11-14,-0.08219047619047619,15,4244.749511059758,Strategy D (2x leveraged)
TXN,2025-10-23,2025-10-31,-0.0813968253968254,5,2546.8497066358545,Strategy D (2x leveraged)
GOOGL,2025-10-30,2025-12-01,0.11919518127199932,20,1528.1098239815128,Strategy D (2x leveraged)
CMCSA,2025-10-30,2025-12-01,-0.011191848769313456,20,916.8658943889076,Strategy D (2x leveraged)
LIN,2025-10-31,2025-12-02,-0.03633505291422291,20,1485.9372269344885,Strategy D (2x leveraged)
JPM,2025-11-04,2025-12-04,0.009201802727011444,20,891.562336160693,Strategy D (2x leveraged)
MCD,2025-11-05,2025-12-05,0.01796150975600961,20,534.9374016964157,Strategy D (2x leveraged)
UPS,2025-11-05,2025-12-05,0.035559514630200934,20,320.9624410178494,Strategy D (2x leveraged)
