ticker,filing_date,mean_prob_up,max_prob_up,min_prob_up,std_prob_up,n_chunks,true_label
AAPL,2023-02-03,0.4986857,0.5456457,0.4600342,0.025117574,12,1
AAPL,2023-05-05,0.5178578,0.5755624,0.4599651,0.03753642,13,1
AAPL,2023-08-04,0.5137721,0.5706522,0.4591086,0.037321683,13,1
AAPL,2023-11-03,0.49774435,0.58359176,0.46167964,0.022042276,44,1
AAPL,2024-02-02,0.5038629,0.56438804,0.4616678,0.038417466,13,0
AAPL,2024-05-03,0.5172346,0.6006294,0.46104854,0.04603582,15,1
AAPL,2024-08-02,0.5228166,0.59934753,0.46039566,0.044628177,13,1
AAPL,2024-11-01,0.50044346,0.5989674,0.46483603,0.02648159,45,1
AAPL,2025-01-31,0.5079182,0.5877547,0.46321258,0.0392865,16,0
AAPL,2025-08-01,0.52680075,0.59120417,0.46072853,0.04539704,14,1
AAPL,2025-10-31,0.5013605,0.5873423,0.46764138,0.027622301,46,1
ABBV,2023-02-17,0.50593686,0.6079735,0.46551785,0.03308496,69,1
ABBV,2024-02-20,0.50477976,0.6096658,0.43694144,0.030666117,70,1
ABBV,2025-02-14,0.5077427,0.6254892,0.47166196,0.03395693,69,1
ABT,2023-02-17,0.5072542,0.5817533,0.44055465,0.027168244,56,0
ABT,2025-02-21,0.50769585,0.5756896,0.44121847,0.02556087,56,0
ACN,2023-03-23,0.53417116,0.6146498,0.44265258,0.03416426,33,1
ACN,2023-06-22,0.53624785,0.62356126,0.44265258,0.037639014,34,1
ACN,2023-12-19,0.52673995,0.5967654,0.44290876,0.033057958,26,1
ACN,2024-03-21,0.53151727,0.5936656,0.44290876,0.03600156,30,0
ACN,2024-06-20,0.52886844,0.59004307,0.44290876,0.030350687,30,1
ACN,2025-03-20,0.5220916,0.58393687,0.48620623,0.025109751,43,0
ACN,2025-10-10,0.50930566,0.59117204,0.46972823,0.02440442,72,0
ADBE,2023-01-17,0.5113934,0.61067903,0.47593412,0.031364076,66,1
ADBE,2023-06-28,0.50954545,0.60107905,0.46454188,0.026067559,95,1
ADBE,2023-09-27,0.509417,0.6096472,0.46454188,0.027708912,96,1
ADBE,2024-01-17,0.51171225,0.5965072,0.45411596,0.031450126,60,1
ADBE,2024-03-27,0.50930446,0.6029305,0.4745876,0.027208533,84,0
ADBE,2024-09-25,0.51064426,0.61630076,0.43937883,0.02867258,87,0
ADBE,2025-01-13,0.5231529,0.6454659,0.44202936,0.040015582,166,1
ADBE,2025-03-26,0.5069492,0.5866849,0.47946742,0.024506167,84,0
ADBE,2025-06-25,0.50893694,0.61078465,0.47598308,0.027333187,86,0
AMD,2023-02-27,0.50233144,0.5939509,0.46695843,0.02332415,79,1
AMD,2023-05-03,0.50060177,0.5794223,0.46821573,0.019838301,67,1
AMD,2023-08-02,0.5014853,0.56877047,0.4658463,0.021080783,69,0
AMD,2023-11-01,0.50126,0.5799323,0.46633053,0.021395983,71,1
AMD,2024-01-31,0.50250053,0.58232856,0.46140555,0.021981426,81,1
AMD,2024-05-01,0.4997591,0.6150825,0.46854112,0.024179468,68,1
AMD,2024-10-30,0.49964777,0.6072795,0.47031432,0.022990083,75,0
AMD,2025-02-05,0.49772993,0.5724811,0.46935156,0.020434927,78,0
AMD,2025-05-07,0.49929473,0.591263,0.46941712,0.019393979,75,1
AMD,2025-11-05,0.5022107,0.6069825,0.46820566,0.023961807,78,0
AMZN,2023-02-03,0.51177603,0.57308704,0.47991297,0.024140744,58,0
AMZN,2023-04-28,0.50633126,0.5911316,0.48313513,0.02133487,76,1
AMZN,2023-10-27,0.5081217,0.58597547,0.48079452,0.022581872,80,1
AMZN,2024-02-02,0.51139325,0.57552826,0.47373497,0.025677908,59,1
AMZN,2024-08-02,0.50605935,0.59381944,0.4794661,0.024114735,82,1
AMZN,2024-11-01,0.50561064,0.59131116,0.4789829,0.023085432,82,1
AMZN,2025-02-07,0.50895333,0.5738532,0.4713217,0.023442423,60,0
AMZN,2025-05-02,0.5029783,0.5618813,0.47716683,0.021397779,78,1
AMZN,2025-08-01,0.5038981,0.57625747,0.47716683,0.021865215,81,1
AMZN,2025-10-31,0.5047921,0.56655335,0.47716683,0.022092128,82,0
AVGO,2023-06-07,0.50731766,0.6410019,0.47397766,0.028832648,68,1
AVGO,2023-09-06,0.5082949,0.6361927,0.47382933,0.02637983,68,0
AVGO,2024-03-14,0.5059253,0.63721675,0.4757804,0.027635539,68,1
AVGO,2024-09-11,0.5058057,0.60255057,0.47486535,0.02523738,70,1
AVGO,2024-12-20,0.5040762,0.61081445,0.470847,0.025514795,67,1
AVGO,2025-03-12,0.50127184,0.60249335,0.4093249,0.026366193,56,0
AVGO,2025-06-11,0.50856245,0.60483587,0.46910268,0.027784152,60,1
BAC,2023-02-22,0.51321054,0.61928546,0.4499253,0.040985238,210,0
BAC,2023-05-01,0.539885,0.62621677,0.45654118,0.039403602,228,0
BAC,2023-07-31,0.5439558,0.64526,0.45989648,0.03946233,263,0
BAC,2023-10-31,0.5457669,0.64415246,0.43351796,0.040819585,262,1
BAC,2024-02-20,0.51246715,0.63135004,0.4500534,0.03963156,211,1
BAC,2024-04-30,0.53955746,0.63950723,0.46019125,0.039485812,223,1
BAC,2024-07-30,0.5451642,0.63150585,0.45368364,0.040857647,256,0
BAC,2024-10-29,0.5431915,0.6417716,0.4568123,0.040391166,258,1
BAC,2025-02-25,0.5117765,0.6338255,0.410458,0.041597933,206,0
BAC,2025-04-30,0.5407669,0.63691145,0.45449537,0.038935184,219,1
BAC,2025-07-31,0.5459225,0.6361584,0.4563416,0.039809242,254,1
BMY,2023-02-14,0.5025305,0.63372475,0.44687608,0.034325548,87,0
BMY,2023-04-27,0.51795304,0.6155195,0.44051176,0.04284583,30,0
BMY,2023-10-26,0.5172954,0.63415545,0.44197157,0.05145606,40,0
BMY,2024-02-13,0.50472015,0.6473388,0.43864307,0.034502815,93,1
BMY,2024-04-25,0.5141026,0.62519014,0.43365803,0.045280103,38,0
BMY,2024-10-31,0.5216546,0.63476825,0.43230093,0.053290717,44,1
BMY,2025-02-12,0.5023889,0.6469643,0.44069126,0.03438005,98,1
BMY,2025-07-31,0.5230024,0.6150304,0.45369294,0.045969248,41,1
BMY,2025-10-30,0.5213655,0.6116135,0.44093293,0.05133667,40,1
BRK-B,2023-05-08,0.5142979,0.5856423,0.4490271,0.031667788,41,1
BRK-B,2023-08-07,0.51883686,0.57561296,0.45293164,0.026845286,48,1
BRK-B,2024-02-26,0.5120444,0.58454084,0.46775562,0.023200976,75,0
BRK-B,2024-05-06,0.5118014,0.56711006,0.4523742,0.024555871,37,1
BRK-B,2024-08-05,0.5191428,0.5783388,0.4523077,0.030016085,42,1
BRK-B,2024-11-04,0.51803166,0.5903189,0.44670048,0.03349507,44,1
BRK-B,2025-02-24,0.5153984,0.5676076,0.46570244,0.022723846,72,1
BRK-B,2025-05-05,0.5145193,0.56536245,0.44838202,0.02793462,34,0
BRK-B,2025-08-04,0.5120653,0.5751005,0.44673935,0.029679036,40,1
BRK-B,2025-11-03,0.515302,0.57703316,0.45272824,0.029633734,42,1
CMCSA,2023-02-03,0.51343834,0.58044696,0.47201884,0.028193774,70,0
CMCSA,2023-04-27,0.52329063,0.59105563,0.463461,0.033207934,32,1
CMCSA,2023-07-27,0.5265685,0.59873784,0.45922723,0.038792554,38,1
CMCSA,2023-10-26,0.53394645,0.6199916,0.463461,0.039891724,40,1
CMCSA,2024-01-31,0.51889884,0.6086325,0.4677384,0.031494364,73,0
CMCSA,2024-07-23,0.5256398,0.5911651,0.46316943,0.0347729,33,1
CMCSA,2024-10-31,0.53502697,0.60641915,0.463461,0.040055625,36,0
CMCSA,2025-01-31,0.51318556,0.5758126,0.46838066,0.02779698,66,1
CMCSA,2025-04-24,0.52010363,0.56455463,0.463461,0.031043077,28,1
CMCSA,2025-10-30,0.528459,0.6141472,0.463461,0.039006263,38,1
COST,2023-06-01,0.51681006,0.58227205,0.46638668,0.0336206,22,1
COST,2023-12-20,0.5186951,0.5755078,0.46752387,0.033122156,18,1
COST,2024-06-06,0.5226229,0.58649915,0.46752387,0.03511039,21,1
COST,2024-12-19,0.51640224,0.5968054,0.4672195,0.03198646,18,0
COST,2025-03-13,0.5187537,0.5650373,0.4672195,0.029693935,21,1
COST,2025-06-05,0.5172882,0.5666323,0.4672195,0.029096108,21,0
COST,2025-10-08,0.5036282,0.5674648,0.47078207,0.02108951,37,1
CRM,2023-03-08,0.5056955,0.59811753,0.47207218,0.024399422,97,1
CRM,2023-08-31,0.50686914,0.62711024,0.4728325,0.026805587,94,0
CRM,2023-11-30,0.5058048,0.614395,0.46901774,0.022777054,95,1
CRM,2024-03-06,0.5050709,0.6035732,0.47271398,0.024425752,94,0
CRM,2024-05-30,0.5062447,0.612022,0.4728325,0.025091209,90,1
CRM,2024-08-29,0.50629693,0.6040103,0.4728325,0.025220519,92,1
CRM,2024-12-04,0.5080438,0.6073022,0.4728325,0.026133727,93,0
CRM,2025-03-05,0.5069877,0.60095346,0.47086087,0.027679661,90,0
CRM,2025-05-29,0.50814056,0.6163164,0.4728325,0.025021814,85,1
CSCO,2023-05-24,0.5104726,0.643335,0.47143763,0.03464039,129,1
CSCO,2023-09-07,0.5132367,0.6369007,0.46462184,0.03816632,82,0
CSCO,2023-11-21,0.5059714,0.6203651,0.47517294,0.030193714,121,1
CSCO,2024-02-20,0.510127,0.60396445,0.46722415,0.034316704,128,1
CSCO,2024-09-05,0.5156738,0.6302056,0.4742104,0.03661664,85,1
CSCO,2024-11-19,0.5044156,0.62167317,0.46399775,0.027284965,120,1
CSCO,2025-02-18,0.5085035,0.6211204,0.46477088,0.033194315,126,0
CSCO,2025-05-20,0.5061326,0.6159247,0.46523395,0.029288793,127,1
CVX,2023-02-23,0.48483598,0.5066902,0.44155318,0.01645184,19,0
CVX,2023-08-03,0.5138559,0.60541624,0.4529718,0.03896637,31,1
CVX,2024-05-02,0.50861996,0.606211,0.4530871,0.037574675,29,1
CVX,2025-02-21,0.48317465,0.5010434,0.44155318,0.014616646,21,1
CVX,2025-05-08,0.5113828,0.5954834,0.4530172,0.037125807,31,1
DHR,2023-02-22,0.5019552,0.5922986,0.45148617,0.021555915,96,0
DHR,2023-04-25,0.5119081,0.58469725,0.44938773,0.03149625,36,0
DHR,2023-10-24,0.5108604,0.6085412,0.4625449,0.028656768,44,1
DHR,2024-02-21,0.5010479,0.5835138,0.45205328,0.019563843,89,1
DHR,2024-04-23,0.5067127,0.620085,0.45258835,0.034663696,30,1
DHR,2024-10-22,0.5183838,0.57937753,0.45258835,0.0328426,37,0
DHR,2025-07-22,0.505748,0.571177,0.45173234,0.026625011,41,1
DIS,2023-02-08,0.4942344,0.5322455,0.46349728,0.022925353,7,0
DIS,2023-05-10,0.4907548,0.51832986,0.4633567,0.017009849,11,0
DIS,2023-08-09,0.48926315,0.510483,0.46322742,0.013414182,11,0
DIS,2023-11-21,0.5301468,0.63923657,0.4632761,0.046286102,94,0
DIS,2024-02-07,0.4891966,0.51028526,0.4638853,0.022574717,4,1
DIS,2024-05-07,0.48979682,0.5133018,0.4636074,0.02371027,4,0
DIS,2024-11-14,0.51458883,0.6334538,0.46306914,0.04071577,73,1
DIS,2025-02-05,0.5271111,0.62910795,0.45864046,0.047368333,44,0
DIS,2025-05-07,0.52834594,0.63007784,0.4589502,0.044038262,75,1
DIS,2025-08-06,0.5311197,0.64258015,0.4297384,0.048288204,77,1
DIS,2025-11-13,0.5104732,0.6083748,0.4594565,0.038052008,72,1
GOOGL,2023-02-03,0.5113809,0.6102637,0.47335804,0.032115158,69,0
GOOGL,2023-04-26,0.53303355,0.6113817,0.47074425,0.039499372,26,1
GOOGL,2023-10-25,0.5294882,0.61900496,0.47074425,0.037062842,33,1
GOOGL,2024-01-31,0.51144093,0.6134265,0.4640903,0.03148104,73,0
GOOGL,2024-07-24,0.53619033,0.61820847,0.46647182,0.04550197,31,0
GOOGL,2024-10-30,0.53674185,0.6217761,0.46647182,0.044378795,32,0
GOOGL,2025-02-05,0.5117202,0.6112379,0.4712614,0.03123579,75,0
GOOGL,2025-07-24,0.5388791,0.62699634,0.46031532,0.048451155,30,1
GOOGL,2025-10-30,0.54261243,0.62119645,0.45932892,0.048381586,30,1
HD,2023-03-15,0.5071447,0.61901647,0.47091234,0.029643714,51,1
HD,2023-05-23,0.5459662,0.5864733,0.49502954,0.030145504,15,1
HD,2023-08-22,0.5494542,0.63458365,0.49502954,0.040408928,19,0
HD,2023-11-21,0.5448127,0.62245125,0.49502954,0.035874087,19,1
HD,2024-03-13,0.50007457,0.55725986,0.46958825,0.022194374,49,0
HD,2024-05-21,0.5130374,0.545413,0.4612673,0.023501143,15,1
HD,2024-08-20,0.5226366,0.5846893,0.46139756,0.029445417,21,1
HD,2024-11-19,0.51624155,0.5501612,0.4614075,0.026870864,21,0
HON,2023-02-10,0.5082379,0.56707734,0.46966395,0.026183395,95,0
HON,2023-04-27,0.5180392,0.59768736,0.4709047,0.034618784,17,0
HON,2023-07-27,0.534108,0.62135637,0.47030964,0.040048867,21,0
HON,2023-10-26,0.52601576,0.5845182,0.47036812,0.033598546,21,1
HON,2024-10-24,0.5188099,0.5976034,0.46956256,0.03554494,26,1
HON,2025-02-14,0.50756466,0.605759,0.46724162,0.0261084,108,1
HON,2025-04-29,0.52929735,0.610728,0.47887027,0.03701819,23,1
HON,2025-07-24,0.52886486,0.59970033,0.4718395,0.039542787,25,0
HON,2025-10-23,0.5239583,0.60907656,0.4788046,0.036518965,30,0
INTC,2023-01-27,0.4977863,0.5506204,0.47010383,0.01389339,105,0
INTC,2023-04-28,0.4914727,0.5072949,0.46305734,0.016052665,6,0
INTC,2023-07-28,0.48788002,0.5042188,0.4626727,0.014277743,6,0
INTC,2023-10-27,0.48820055,0.5042188,0.46318626,0.014256208,6,1
INTC,2024-11-01,0.4907445,0.5047436,0.4785283,0.009403738,6,1
INTC,2025-01-31,0.4982292,0.54425085,0.46508732,0.016047152,68,1
INTC,2025-11-06,0.4899413,0.511601,0.47122085,0.012043269,10,1
JNJ,2023-02-16,0.5076807,0.5935984,0.4576406,0.02836314,58,0
JNJ,2025-02-13,0.50795007,0.5972673,0.43386275,0.029498095,57,1
JPM,2023-02-21,0.4983303,0.53390425,0.46184057,0.0120039405,62,0
JPM,2023-08-03,0.53078103,0.6676385,0.4483084,0.03693409,390,0
JPM,2023-11-01,0.53042173,0.63420063,0.45786455,0.03857382,396,1
JPM,2024-02-16,0.49706784,0.52480805,0.46075815,0.012199609,66,1
JPM,2024-05-01,0.52616876,0.6374633,0.4328301,0.036902167,322,1
JPM,2024-08-02,0.53030103,0.64752275,0.43584907,0.039191194,362,1
JPM,2024-10-30,0.5315611,0.64474666,0.4565485,0.039848752,361,1
JPM,2025-02-14,0.49641782,0.52339804,0.46093512,0.011405724,68,0
JPM,2025-05-01,0.5267254,0.64682037,0.44978616,0.037597615,302,1
JPM,2025-08-05,0.52979946,0.65040493,0.44103622,0.04006294,346,1
JPM,2025-11-04,0.5313745,0.64705306,0.45529997,0.03964337,350,1
KO,2023-02-21,0.5010306,0.5994037,0.4498444,0.027846312,104,1
KO,2023-04-26,0.5003716,0.57408136,0.44715935,0.030842327,34,0
KO,2023-07-27,0.5107408,0.5858366,0.44715935,0.033865314,42,0
KO,2023-10-24,0.5130629,0.6317914,0.44715935,0.038171664,43,1
KO,2024-02-20,0.5021762,0.5900927,0.44787616,0.02908377,100,1
KO,2024-05-02,0.50682974,0.5944081,0.4468361,0.03618263,34,1
KO,2024-07-29,0.51391995,0.63376707,0.4468361,0.03504785,44,1
KO,2024-10-24,0.5051993,0.5808046,0.4468361,0.030260578,46,0
KO,2025-07-24,0.509252,0.58614635,0.44683856,0.032627743,43,1
LIN,2023-04-27,0.5426808,0.6323636,0.47174382,0.03928204,23,0
LIN,2023-07-27,0.5472725,0.6395391,0.47174382,0.041177478,29,0
LIN,2023-10-26,0.55256814,0.64089656,0.47174382,0.04220752,30,1
LIN,2024-02-28,0.51507735,0.6416249,0.45987484,0.035681736,59,1
LIN,2024-05-02,0.54930776,0.6330487,0.47137532,0.03572572,22,1
LIN,2024-08-02,0.54634434,0.6364313,0.47137532,0.040268295,27,1
LIN,2024-10-31,0.55909103,0.6285954,0.47137532,0.04147259,28,1
LIN,2025-05-01,0.5426415,0.6206181,0.47198948,0.038839318,22,1
LIN,2025-08-01,0.55929106,0.6270451,0.47198948,0.042545334,28,1
LIN,2025-10-31,0.5547097,0.65398896,0.47198948,0.043469436,29,0
LLY,2023-04-27,0.50259244,0.58341306,0.46441433,0.02918127,20,1
LLY,2023-08-08,0.5068256,0.5750196,0.45940733,0.027115729,23,1
LLY,2024-02-21,0.49963754,0.5712993,0.4640364,0.01955038,63,1
LLY,2024-04-30,0.4999333,0.5337403,0.47270414,0.018772146,20,1
LLY,2025-02-19,0.4989574,0.5713601,0.4554317,0.019338235,62,0
LLY,2025-05-01,0.50419813,0.5534889,0.46668038,0.026298793,15,0
LLY,2025-08-07,0.50904727,0.5645737,0.47188702,0.030116718,18,1
LLY,2025-10-30,0.5099844,0.56259865,0.46816322,0.032431033,19,1
MA,2023-02-14,0.5104978,0.59499836,0.4652693,0.031004908,73,0
MA,2023-04-27,0.52289253,0.58970636,0.46862555,0.03966697,28,1
MA,2023-07-27,0.52685696,0.599897,0.4650299,0.03733979,36,0
MA,2023-10-26,0.5260041,0.6068884,0.46297058,0.039907604,36,1
MA,2024-02-13,0.5140564,0.6128205,0.46372157,0.03332924,70,1
MA,2024-07-31,0.5276227,0.5961397,0.46373248,0.03850864,29,1
MA,2024-10-31,0.5299508,0.5994144,0.47414893,0.036228597,31,1
MA,2025-02-12,0.5102315,0.603905,0.4682063,0.030992018,68,0
MA,2025-05-01,0.5313962,0.5926807,0.46469948,0.043008182,23,1
MA,2025-07-31,0.529878,0.6017543,0.46433476,0.040196627,28,1
MCD,2023-05-04,0.5205584,0.61043966,0.47179583,0.03356038,41,0
MCD,2023-08-02,0.52168965,0.5941668,0.47202998,0.033177238,46,0
MCD,2023-11-02,0.5227772,0.60685277,0.46885824,0.033760075,46,1
MCD,2024-02-22,0.51666963,0.606931,0.47262287,0.031365305,84,0
MCD,2024-05-08,0.5183895,0.61852324,0.4678173,0.03454712,45,0
MCD,2024-08-08,0.52119976,0.6243566,0.46540993,0.034114327,52,1
MCD,2024-11-07,0.52127033,0.62026274,0.46791327,0.035581227,52,1
MCD,2025-05-12,0.5151029,0.5955832,0.46987477,0.029292759,46,0
MCD,2025-08-06,0.5257256,0.6141182,0.47091347,0.037900474,52,1
MCD,2025-11-05,0.52643603,0.628194,0.47121623,0.037513398,53,1
META,2023-04-27,0.5035376,0.59870976,0.46578202,0.028374089,113,1
META,2023-07-27,0.5049748,0.6131374,0.4694418,0.030588899,116,0
META,2023-10-26,0.5052207,0.60233635,0.46666622,0.02932407,118,1
META,2024-02-02,0.5022073,0.58986676,0.44624195,0.02657584,128,1
META,2024-04-25,0.5024732,0.5955233,0.46926308,0.027677966,112,1
META,2024-10-31,0.5034444,0.6059354,0.4683722,0.02820301,117,0
META,2025-01-30,0.50251144,0.60841537,0.4681814,0.027926387,126,0
META,2025-05-01,0.5009358,0.59641474,0.465683,0.023701485,117,1
META,2025-07-31,0.5035117,0.60380733,0.46857736,0.02807572,120,0
META,2025-10-30,0.5035852,0.6251776,0.46863165,0.02795606,122,0
MRK,2023-02-24,0.49972984,0.5971967,0.448702,0.027069591,107,0
MRK,2024-02-26,0.49868882,0.57765234,0.4462824,0.026525091,103,0
MRK,2025-02-25,0.49969697,0.5789725,0.44874611,0.0254214,107,0
MSFT,2023-01-24,0.5091498,0.5916591,0.46936253,0.023960663,99,1
MSFT,2023-04-25,0.5083842,0.5855435,0.4698853,0.02250494,97,1
MSFT,2023-07-27,0.5056096,0.5676942,0.4696543,0.02309809,61,0
MSFT,2023-10-24,0.50513417,0.5933461,0.46986958,0.019775102,85,1
MSFT,2024-01-30,0.5065537,0.5777539,0.46993765,0.020572009,93,0
MSFT,2024-04-25,0.5053958,0.5802831,0.47083592,0.018987563,94,1
MSFT,2024-07-30,0.5069514,0.6098464,0.47572133,0.024712328,63,0
MSFT,2024-10-30,0.50515616,0.5820494,0.47328943,0.01805295,90,0
MSFT,2025-01-29,0.506904,0.60510576,0.46946436,0.023887243,93,0
MSFT,2025-04-30,0.5048572,0.58765405,0.46770605,0.020018756,95,1
MSFT,2025-07-30,0.5048422,0.58479875,0.46688265,0.02224651,58,0
MSFT,2025-10-29,0.5048408,0.57209665,0.47333607,0.020355476,88,0
NEE,2023-04-26,0.5243497,0.5893738,0.4695637,0.030617317,27,0
NEE,2023-07-26,0.52173364,0.57213014,0.45379728,0.03382479,30,0
NEE,2023-11-07,0.52454317,0.5896081,0.46958736,0.03168373,31,1
NEE,2024-02-16,0.51082957,0.63157564,0.45662642,0.038830522,160,1
NEE,2024-04-23,0.5154249,0.5812427,0.46580973,0.033299908,25,1
NEE,2024-07-24,0.5274419,0.5941747,0.46983904,0.034835838,29,1
NEE,2024-10-23,0.52634054,0.5813794,0.46970347,0.03603884,30,0
NEE,2025-02-14,0.5093512,0.6130119,0.4585497,0.03858349,160,1
NEE,2025-04-23,0.52080244,0.5864406,0.46279562,0.03221923,27,1
NEE,2025-10-28,0.5258755,0.5969139,0.46983898,0.0338675,30,0
NFLX,2023-01-26,0.51341325,0.60244834,0.46959588,0.030748112,57,0
NFLX,2023-04-21,0.52257335,0.5885595,0.46556926,0.039379705,20,1
NFLX,2023-07-21,0.5336069,0.614706,0.46752793,0.03885615,27,0
NFLX,2023-10-20,0.5336128,0.60126066,0.4563158,0.041916188,29,1
NFLX,2024-01-26,0.51127625,0.5933465,0.46923122,0.029703982,58,1
NFLX,2024-04-22,0.52467084,0.59871554,0.45664692,0.042927228,21,1
NFLX,2024-07-19,0.534247,0.6060005,0.45664692,0.04183762,27,1
NFLX,2024-10-18,0.533682,0.6052179,0.45664692,0.041857537,28,1
NFLX,2025-04-18,0.53047395,0.5949105,0.4559444,0.03982374,22,1
NFLX,2025-10-22,0.53566,0.5926745,0.4559444,0.04091482,29,0
NKE,2023-01-05,0.5159325,0.5786091,0.45659468,0.029464819,45,1
NKE,2023-04-06,0.5272151,0.6058477,0.47645447,0.03401806,45,1
NKE,2023-07-20,0.5096393,0.61329734,0.45547122,0.027946692,86,0
NKE,2023-10-06,0.5250283,0.59151185,0.47961473,0.029984485,30,1
NKE,2024-07-25,0.5129463,0.5994554,0.45265427,0.03130121,87,1
NKE,2024-10-07,0.5212305,0.59207404,0.47311965,0.03134057,29,0
NKE,2025-01-03,0.5242113,0.5842418,0.4634146,0.03197162,40,1
NKE,2025-04-03,0.5316991,0.6002447,0.47269085,0.03476332,40,1
NKE,2025-07-17,0.5132357,0.61275494,0.4542421,0.0325383,84,1
NKE,2025-10-01,0.5274173,0.59983134,0.4668275,0.04056066,28,0
NVDA,2023-02-24,0.50260204,0.5717277,0.47176945,0.01933821,67,1
NVDA,2023-05-26,0.5057785,0.5917468,0.47210854,0.02600785,43,1
NVDA,2023-08-28,0.5041338,0.5984852,0.4599882,0.030339189,43,0
NVDA,2023-11-21,0.5061454,0.5894544,0.43254066,0.029137956,46,0
NVDA,2024-02-21,0.50255096,0.60702723,0.4387069,0.025417628,74,1
NVDA,2024-05-29,0.5053961,0.57510644,0.4774871,0.024985397,38,1
NVDA,2024-11-20,0.50975674,0.6182275,0.47375497,0.034013167,37,0
NVDA,2025-02-26,0.5041301,0.5908009,0.47406805,0.022858804,75,0
NVDA,2025-05-28,0.50902915,0.5653261,0.44794047,0.026109464,35,1
NVDA,2025-08-27,0.5088029,0.609216,0.46870148,0.03145091,34,0
PEP,2023-02-09,0.5237778,0.62434804,0.45844105,0.0380617,161,0
PEP,2023-07-13,0.5211678,0.5986094,0.47160134,0.032533288,45,0
PEP,2023-10-10,0.5209905,0.62181455,0.4453362,0.0364509,45,1
PEP,2024-02-09,0.5223754,0.60718304,0.45606664,0.039042182,164,0
PEP,2024-04-23,0.5147252,0.58078706,0.47214255,0.028737357,32,1
PEP,2024-07-11,0.51945806,0.617703,0.4606528,0.038423408,40,1
PEP,2025-02-04,0.51908743,0.62398434,0.4506003,0.04084453,164,1
PEP,2025-04-24,0.50991327,0.58288425,0.47168928,0.027821934,31,0
PEP,2025-07-17,0.51656675,0.60755897,0.47107467,0.034566496,40,1
PFE,2023-02-23,0.50585645,0.61208075,0.42798036,0.028566955,96,0
PFE,2023-05-10,0.50932634,0.5968782,0.45310923,0.02956283,52,1
PFE,2023-08-09,0.5184678,0.63400877,0.4573658,0.03261258,161,0
PFE,2023-11-08,0.5139308,0.60074496,0.4590843,0.032432828,62,0
PFE,2024-05-08,0.5183788,0.6032159,0.4601941,0.036226436,47,1
PFE,2024-08-05,0.5192203,0.60695314,0.4601941,0.0376774,57,0
PFE,2024-11-04,0.5136268,0.60672885,0.45937166,0.03720047,59,0
PFE,2025-02-27,0.50784636,0.59759575,0.42919993,0.027265059,98,0
PFE,2025-08-05,0.5153881,0.58924514,0.45842773,0.03615942,56,1
PFE,2025-11-04,0.5151388,0.61218333,0.46376148,0.03413781,61,1
PG,2023-01-19,0.521374,0.5697938,0.45148578,0.030353975,42,0
PG,2023-04-21,0.5111168,0.5686005,0.45148578,0.028650846,41,0
PG,2023-08-04,0.5038582,0.58341527,0.46349823,0.026985543,68,0
PG,2023-10-18,0.51011664,0.5798908,0.45854226,0.03251553,29,1
PG,2024-01-23,0.51297593,0.59314954,0.45253354,0.031334728,44,1
PG,2024-04-19,0.51273125,0.59969765,0.45253354,0.035007175,45,1
PG,2024-08-05,0.5034492,0.58480567,0.45597005,0.02686148,65,1
PG,2025-04-24,0.51850855,0.60179484,0.44936553,0.040979654,42,1
PG,2025-08-04,0.5090486,0.5739461,0.4457559,0.031096803,66,1
PG,2025-10-24,0.5158589,0.624222,0.45660457,0.0397835,31,0
PM,2023-02-10,0.506718,0.6042952,0.46474093,0.026045801,121,0
PM,2023-04-26,0.50614756,0.603052,0.45621538,0.02658879,101,0
PM,2023-07-27,0.50864744,0.60565555,0.45609042,0.030815689,123,0
PM,2023-10-26,0.509398,0.64179003,0.45554164,0.029142428,127,1
PM,2024-02-08,0.5081175,0.632074,0.46273577,0.028289992,136,1
PM,2024-04-26,0.5045858,0.5982399,0.4627956,0.024868274,107,1
PM,2024-07-25,0.5046795,0.5985379,0.45922044,0.027029576,124,1
PM,2025-02-06,0.5047634,0.6312102,0.4570354,0.029165162,129,1
PM,2025-04-24,0.501278,0.59920824,0.4538884,0.026604714,97,1
PM,2025-07-25,0.50386983,0.61420673,0.462184,0.028310796,111,1
PM,2025-10-24,0.50614345,0.6127565,0.45368043,0.030864803,119,0
RTX,2023-04-25,0.5216209,0.6049294,0.46987495,0.03491546,41,0
RTX,2024-04-23,0.52132016,0.6036875,0.4683952,0.034639586,37,1
RTX,2024-07-25,0.5224942,0.5912591,0.47153106,0.03319343,51,1
RTX,2024-10-22,0.5225562,0.5888761,0.4711959,0.030474868,57,0
RTX,2025-04-22,0.5144131,0.5964952,0.472756,0.031623468,40,1
RTX,2025-07-22,0.52299345,0.59346384,0.46817657,0.035676852,53,1
TMO,2023-05-05,0.52422565,0.6194501,0.48015583,0.035247322,19,0
TMO,2023-08-04,0.52106124,0.6422691,0.47412366,0.038754348,23,1
TMO,2023-11-03,0.52124137,0.61095065,0.47827068,0.03270988,24,1
TMO,2024-02-22,0.50612265,0.6213839,0.45757097,0.028105792,47,1
TMO,2024-05-03,0.5182705,0.59553075,0.4782389,0.030528473,20,0
TMO,2024-11-01,0.51963526,0.61122054,0.4782389,0.030293863,23,0
TMO,2025-02-20,0.502414,0.5886312,0.45751983,0.024535995,47,0
TMO,2025-05-02,0.52835655,0.6159761,0.4807735,0.03315926,19,0
TMO,2025-08-01,0.5171451,0.58520526,0.4807735,0.02781566,23,1
TMO,2025-10-31,0.5180777,0.6066559,0.47556388,0.033948086,24,1
TSLA,2023-01-31,0.5082229,0.56485784,0.4771547,0.018363342,68,1
TSLA,2023-04-24,0.5160937,0.5481177,0.46014693,0.021191467,17,1
TSLA,2023-07-24,0.5155701,0.5523379,0.47005084,0.025185311,19,0
TSLA,2023-10-23,0.5350197,0.60201323,0.43977275,0.037952792,20,1
TSLA,2024-01-29,0.5187072,0.63511395,0.47701702,0.03812604,73,1
TSLA,2024-04-24,0.5371957,0.604939,0.47378615,0.030838612,51,1
TSLA,2024-10-24,0.53726286,0.62065697,0.47088355,0.03743051,60,1
TSLA,2025-01-30,0.5117514,0.6235358,0.45568034,0.028991992,65,0
TSLA,2025-04-23,0.5334872,0.6055184,0.47526902,0.03556829,59,1
TSLA,2025-10-23,0.5363987,0.59764934,0.46821705,0.03294788,64,0
TXN,2023-02-03,0.51233923,0.62413377,0.47164232,0.038984302,27,0
TXN,2023-04-26,0.54214025,0.61419666,0.455974,0.04928938,9,0
TXN,2023-07-26,0.5483897,0.60578495,0.455974,0.043319054,11,0
TXN,2023-10-25,0.5521333,0.6007119,0.455974,0.044916544,11,1
TXN,2024-02-02,0.5083986,0.6059754,0.4672887,0.03222757,26,1
TXN,2024-04-24,0.5297477,0.58753276,0.455974,0.038361207,9,1
TXN,2025-04-24,0.5543101,0.61320835,0.459033,0.05142285,9,1
TXN,2025-07-29,0.5474207,0.6101416,0.459033,0.042742487,14,1
TXN,2025-10-23,0.55238146,0.6461851,0.459033,0.04699668,15,0
UNH,2023-02-24,0.5209913,0.65200984,0.45670184,0.042285636,120,0
UNH,2023-08-02,0.5495409,0.5896133,0.46550772,0.045552813,9,0
UNH,2023-11-06,0.55380416,0.5958073,0.47921312,0.04416745,9,1
UNH,2024-05-09,0.5502044,0.59559965,0.47496173,0.045248654,9,0
UNH,2024-08-09,0.5486801,0.60684115,0.48005044,0.047474243,9,1
UNH,2024-11-04,0.54554486,0.6115367,0.4780125,0.046680626,9,1
UNH,2025-02-27,0.5246701,0.6307042,0.4632331,0.043355715,131,1
UNH,2025-05-07,0.5505612,0.5990346,0.47318128,0.050924215,9,0
UNH,2025-08-11,0.5476836,0.5935933,0.47743413,0.04787487,9,1
UNH,2025-10-28,0.55035204,0.60738724,0.46935558,0.05146942,9,0
UPS,2023-02-21,0.5148703,0.6198116,0.46865782,0.03446478,74,1
UPS,2023-05-03,0.54133373,0.6105146,0.4759272,0.031151706,77,0
UPS,2023-08-08,0.54256535,0.6593923,0.46796796,0.03883378,97,0
UPS,2023-11-01,0.5430383,0.6451887,0.46957842,0.03811645,106,1
UPS,2024-02-20,0.51529413,0.6042889,0.47668394,0.031634472,74,1
UPS,2024-05-03,0.53470504,0.62038815,0.48370415,0.031242516,78,0
UPS,2024-11-06,0.54319894,0.63784003,0.4698097,0.038135882,131,0
UPS,2025-02-18,0.5216437,0.6242543,0.47100464,0.03603908,85,1
UPS,2025-05-07,0.53910595,0.62831163,0.46344388,0.033058424,96,1
UPS,2025-11-05,0.5473635,0.63572145,0.4704716,0.039229997,111,1
V,2023-01-27,0.5324111,0.6026677,0.46728683,0.037343543,17,0
V,2023-04-27,0.5459849,0.63571143,0.46728683,0.044852726,20,0
V,2023-07-26,0.5382312,0.6254333,0.46728683,0.038291905,21,1
V,2023-11-15,0.51424116,0.63192075,0.46836492,0.03424563,62,1
V,2024-01-26,0.53199965,0.59914535,0.4650187,0.042409137,16,1
V,2024-04-24,0.5417426,0.60608363,0.4650187,0.039806,19,0
V,2024-07-24,0.5398798,0.6187036,0.4650187,0.039431937,20,1
V,2024-11-13,0.5132516,0.6373861,0.4738633,0.03266386,66,1
V,2025-01-31,0.5359191,0.61070615,0.46861082,0.04211342,16,1
V,2025-04-30,0.5384962,0.6076632,0.46861082,0.03933313,19,1
V,2025-11-06,0.5128389,0.6019481,0.47531143,0.029388018,67,0
VZ,2023-02-10,0.5132074,0.6072917,0.45721492,0.028125307,82,0
VZ,2023-04-27,0.5170568,0.5981591,0.46360242,0.031926688,43,0
VZ,2023-10-26,0.5178818,0.5953758,0.46627074,0.030572878,53,1
VZ,2024-07-25,0.5238649,0.6004901,0.46627074,0.03240649,46,1
VZ,2024-10-25,0.5237235,0.5874884,0.46627074,0.031349014,48,1
VZ,2025-02-12,0.50877744,0.60790527,0.4519577,0.026801074,80,1
VZ,2025-07-25,0.51793784,0.6091713,0.46627074,0.0325529,45,1
WMT,2023-03-17,0.5102071,0.60556644,0.46525458,0.030583559,74,1
WMT,2023-06-02,0.5206536,0.597302,0.47072133,0.031711254,38,1
WMT,2023-09-01,0.5175511,0.594476,0.4730545,0.0312973,42,0
WMT,2024-03-15,0.51140743,0.61113137,0.4507695,0.030015737,77,0
WMT,2024-06-07,0.5133117,0.5788688,0.46964636,0.026926681,39,1
WMT,2024-08-30,0.5176836,0.62243974,0.47446355,0.030030949,38,1
WMT,2024-12-06,0.52073646,0.6010789,0.47156203,0.031251524,39,0
WMT,2025-03-14,0.50811684,0.60586536,0.45394146,0.027711274,80,1
WMT,2025-06-06,0.519945,0.59479636,0.47443458,0.031138578,34,0
WMT,2025-08-29,0.5210958,0.5923862,0.4710202,0.030439202,36,1
XOM,2023-02-22,0.49434036,0.5285538,0.4637266,0.019820068,16,0
XOM,2024-02-28,0.49892157,0.54404956,0.4637266,0.020825384,17,1
XOM,2025-02-19,0.49563646,0.5474507,0.4637266,0.021384746,18,1
